feature,kind,hypothesis,desc,period,bin,bin_range,n,net,win,pf,big_loss,avg_loss,rho,rho_p
rs_rank,q,1,1. relative strength percentile on the day,IS,1,"[2, 41]",949,0.5101,64.3836,1.2913,8.2192,-4.9166,0.1084,0.0000
rs_rank,q,1,1. relative strength percentile on the day,IS,2,"[42, 60]",945,0.0383,60.7407,1.0160,11.3228,-6.0891,0.1084,0.0000
rs_rank,q,1,1. relative strength percentile on the day,IS,3,"[61, 74]",880,0.8888,65.6818,1.4213,9.3182,-6.1471,0.1084,0.0000
rs_rank,q,1,1. relative strength percentile on the day,IS,4,"[75, 87]",932,0.7295,64.5923,1.2949,11.1588,-6.9874,0.1084,0.0000
rs_rank,q,1,1. relative strength percentile on the day,IS,5,"[88, 99]",899,1.4953,69.1880,1.5307,12.9032,-9.1438,0.1084,0.0000
rs_rank,q,1,1. relative strength percentile on the day,OOS,1,"[2, 41]",418,-0.5288,57.4163,0.7751,10.5263,-5.5228,0.1359,0.0000
rs_rank,q,1,1. relative strength percentile on the day,OOS,2,"[42, 60]",1203,-0.2468,58.6866,0.8913,11.0557,-5.4957,0.1359,0.0000
rs_rank,q,1,1. relative strength percentile on the day,OOS,3,"[61, 74]",1343,0.1618,61.9509,1.0744,9.4564,-5.7135,0.1359,0.0000
rs_rank,q,1,1. relative strength percentile on the day,OOS,4,"[75, 87]",1283,0.8548,66.6407,1.4427,9.2751,-5.7886,0.1359,0.0000
rs_rank,q,1,1. relative strength percentile on the day,OOS,5,"[88, 99]",1090,1.2125,66.2385,1.5156,11.5596,-6.9649,0.1359,0.0000
smooth_60,q,1,2. % up days over 60 (frog in the pan),IS,1,"[28.3, 45]",1284,1.0583,65.8100,1.5149,9.2679,-6.0120,0.0246,0.0562
smooth_60,q,1,2. % up days over 60 (frog in the pan),IS,2,"[46.7, 50]",1799,1.3923,68.5937,1.6792,9.5609,-6.5277,0.0246,0.0562
smooth_60,q,1,2. % up days over 60 (frog in the pan),IS,3,"[51.7, 51.7]",650,1.1279,66.7692,1.5454,9.8462,-6.2239,0.0246,0.0562
smooth_60,q,1,2. % up days over 60 (frog in the pan),IS,4,"[53.3, 55]",1141,1.3176,68.0105,1.6355,9.8160,-6.4814,0.0246,0.0562
smooth_60,q,1,2. % up days over 60 (frog in the pan),IS,5,"[56.7, 76.7]",1158,1.7345,71.6753,2.0333,7.0812,-5.9260,0.0246,0.0562
smooth_60,q,1,2. % up days over 60 (frog in the pan),OOS,1,"[28.3, 45]",1063,0.0810,60.4892,1.0352,10.9125,-5.8249,0.0397,0.0034
smooth_60,q,1,2. % up days over 60 (frog in the pan),OOS,2,"[46.7, 50]",1676,0.4392,63.9021,1.2096,10.2029,-5.8040,0.0397,0.0034
smooth_60,q,1,2. % up days over 60 (frog in the pan),OOS,3,"[51.7, 51.7]",656,0.3277,62.9573,1.1478,10.8232,-5.9844,0.0397,0.0034
smooth_60,q,1,2. % up days over 60 (frog in the pan),OOS,4,"[53.3, 55]",1076,0.7402,65.4275,1.3832,8.0855,-5.5869,0.0397,0.0034
smooth_60,q,1,2. % up days over 60 (frog in the pan),OOS,5,"[56.7, 76.7]",975,0.3664,61.7436,1.1487,11.7949,-6.4383,0.0397,0.0034
dist_ema_21,q,0,3. % distance from EMA21 (pullback depth),IS,1,"[-19, -2.92]",1207,1.5861,65.9486,1.6717,10.6048,-6.9347,0.0290,0.0244
dist_ema_21,q,0,3. % distance from EMA21 (pullback depth),IS,2,"[-2.92, -1.36]",1206,0.5778,63.3499,1.2422,10.7794,-6.5099,0.0290,0.0244
dist_ema_21,q,0,3. % distance from EMA21 (pullback depth),IS,3,"[-1.36, -0.143]",1206,1.1407,66.9154,1.5942,8.5406,-5.8024,0.0290,0.0244
dist_ema_21,q,0,3. % distance from EMA21 (pullback depth),IS,4,"[-0.142, 1.27]",1206,1.2313,70.2322,1.6958,8.2919,-5.9449,0.0290,0.0244
dist_ema_21,q,0,3. % distance from EMA21 (pullback depth),IS,5,"[1.28, 16.7]",1207,2.1846,74.9793,2.4614,7.2908,-5.9748,0.0290,0.0244
dist_ema_21,q,0,3. % distance from EMA21 (pullback depth),OOS,1,"[-19, -2.92]",802,0.3650,60.9726,1.1508,10.7232,-6.2032,0.0455,0.0008
dist_ema_21,q,0,3. % distance from EMA21 (pullback depth),OOS,2,"[-2.92, -1.36]",1189,0.3887,62.4054,1.1860,9.7561,-5.5581,0.0455,0.0008
dist_ema_21,q,0,3. % distance from EMA21 (pullback depth),OOS,3,"[-1.36, -0.143]",1252,-0.2548,58.4665,0.8941,10.7827,-5.7954,0.0455,0.0008
dist_ema_21,q,0,3. % distance from EMA21 (pullback depth),OOS,4,"[-0.142, 1.27]",1151,0.3425,64.8132,1.1655,10.7732,-5.8821,0.0455,0.0008
dist_ema_21,q,0,3. % distance from EMA21 (pullback depth),OOS,5,"[1.28, 16.7]",1052,1.2933,68.8213,1.6573,9.4106,-6.3109,0.0455,0.0008
dist_sma_10,q,0,3. % distance from SMA10 (pullback depth),IS,1,"[-19.9, -3.88]",1207,2.4094,67.6885,1.9501,11.1848,-7.8488,-0.1399,0.0000
dist_sma_10,q,0,3. % distance from SMA10 (pullback depth),IS,2,"[-3.88, -2.68]",1206,1.8999,71.0614,1.9854,9.5357,-6.6623,-0.1399,0.0000
dist_sma_10,q,0,3. % distance from SMA10 (pullback depth),IS,3,"[-2.68, -1.92]",1206,0.8445,65.7546,1.4180,9.1211,-5.9003,-0.1399,0.0000
dist_sma_10,q,0,3. % distance from SMA10 (pullback depth),IS,4,"[-1.92, -1.26]",1206,0.9197,68.9055,1.5190,8.2090,-5.6990,-0.1399,0.0000
dist_sma_10,q,0,3. % distance from SMA10 (pullback depth),IS,5,"[-1.26, 1.16]",1207,0.6477,68.0199,1.3868,7.4565,-5.2360,-0.1399,0.0000
dist_sma_10,q,0,3. % distance from SMA10 (pullback depth),OOS,1,"[-19.9, -3.88]",778,1.4510,62.0823,1.5942,10.9254,-6.4395,-0.0896,0.0000
dist_sma_10,q,0,3. % distance from SMA10 (pullback depth),OOS,2,"[-3.88, -2.68]",974,0.3892,61.4990,1.1596,11.8070,-6.3346,-0.0896,0.0000
dist_sma_10,q,0,3. % distance from SMA10 (pullback depth),OOS,3,"[-2.68, -1.92]",1164,0.2934,62.8866,1.1266,11.2543,-6.2439,-0.0896,0.0000
dist_sma_10,q,0,3. % distance from SMA10 (pullback depth),OOS,4,"[-1.92, -1.26]",1261,0.1795,62.8073,1.0885,9.6749,-5.4552,-0.0896,0.0000
dist_sma_10,q,0,3. % distance from SMA10 (pullback depth),OOS,5,"[-1.26, 1.16]",1269,0.0906,65.1694,1.0487,8.4318,-5.3415,-0.0896,0.0000
rsi_2,q,-1,4. RSI(2) at the signal close,IS,1,"[0.315, 6.06]",1207,1.4427,67.8542,1.6852,9.6935,-6.5503,-0.0159,0.2160
rsi_2,q,-1,4. RSI(2) at the signal close,IS,2,"[6.06, 8.98]",1206,1.3326,67.9934,1.6518,9.2869,-6.3876,-0.0159,0.2160
rsi_2,q,-1,4. RSI(2) at the signal close,IS,3,"[8.98, 12.4]",1206,1.1764,68.1592,1.5617,9.5357,-6.5773,-0.0159,0.2160
rsi_2,q,-1,4. RSI(2) at the signal close,IS,4,"[12.4, 17.1]",1206,1.5583,68.0763,1.8635,7.7944,-5.6530,-0.0159,0.2160
rsi_2,q,-1,4. RSI(2) at the signal close,IS,5,"[17.1, 32.2]",1207,1.2115,69.3455,1.6436,9.1964,-6.1407,-0.0159,0.2160
rsi_2,q,-1,4. RSI(2) at the signal close,OOS,1,"[0.315, 6.06]",1089,0.4535,63.3609,1.2045,10.2847,-6.0507,-0.0024,0.8604
rsi_2,q,-1,4. RSI(2) at the signal close,OOS,2,"[6.06, 8.98]",982,0.3461,60.7943,1.1497,10.1833,-5.8951,-0.0024,0.8604
rsi_2,q,-1,4. RSI(2) at the signal close,OOS,3,"[8.98, 12.4]",1109,0.3055,61.5870,1.1383,10.0992,-5.7500,-0.0024,0.8604
rsi_2,q,-1,4. RSI(2) at the signal close,OOS,4,"[12.4, 17.1]",1155,0.5487,63.8961,1.2651,10.6494,-5.7333,-0.0024,0.8604
rsi_2,q,-1,4. RSI(2) at the signal close,OOS,5,"[17.1, 32.2]",1111,0.3461,65.2565,1.1624,10.1710,-6.1341,-0.0024,0.8604
pb_vol_dry,q,-1,5. 3d vol / prior 10d vol (dry pullback),IS,1,"[0.0261, 0.47]",1207,1.3723,68.5998,1.7011,8.8650,-6.2336,-0.0173,0.1786
pb_vol_dry,q,-1,5. 3d vol / prior 10d vol (dry pullback),IS,2,"[0.47, 0.646]",1206,1.6861,71.5589,2.0035,7.6285,-5.9077,-0.0173,0.1786
pb_vol_dry,q,-1,5. 3d vol / prior 10d vol (dry pullback),IS,3,"[0.646, 0.834]",1206,1.1975,67.7446,1.5886,9.5357,-6.3074,-0.0173,0.1786
pb_vol_dry,q,-1,5. 3d vol / prior 10d vol (dry pullback),IS,4,"[0.834, 1.16]",1206,1.0963,67.3300,1.5211,8.8723,-6.4392,-0.0173,0.1786
pb_vol_dry,q,-1,5. 3d vol / prior 10d vol (dry pullback),IS,5,"[1.16, 51.3]",1207,1.3692,66.1972,1.6352,10.6048,-6.3768,-0.0173,0.1786
pb_vol_dry,q,-1,5. 3d vol / prior 10d vol (dry pullback),OOS,1,"[0.0261, 0.47]",1216,0.5889,65.6250,1.2587,11.1020,-6.6224,-0.0663,0.0000
pb_vol_dry,q,-1,5. 3d vol / prior 10d vol (dry pullback),OOS,2,"[0.47, 0.646]",1133,0.7037,66.3725,1.3612,8.9144,-5.7931,-0.0663,0.0000
pb_vol_dry,q,-1,5. 3d vol / prior 10d vol (dry pullback),OOS,3,"[0.646, 0.834]",997,0.3902,64.0923,1.1916,9.8295,-5.6720,-0.0663,0.0000
pb_vol_dry,q,-1,5. 3d vol / prior 10d vol (dry pullback),OOS,4,"[0.834, 1.16]",1037,0.5703,63.8380,1.2788,9.5468,-5.6562,-0.0663,0.0000
pb_vol_dry,q,-1,5. 3d vol / prior 10d vol (dry pullback),OOS,5,"[1.16, 51.3]",1063,-0.2851,54.7507,0.8904,11.9473,-5.7483,-0.0663,0.0000
vol_vs_ema21,q,-1,5. day volume / EMA21 volume,IS,1,"[0.0347, 0.451]",1207,1.1883,69.0141,1.6226,8.5336,-6.1598,0.0208,0.1057
vol_vs_ema21,q,-1,5. day volume / EMA21 volume,IS,2,"[0.451, 0.614]",1206,1.2475,67.6617,1.6710,8.2090,-5.7492,0.0208,0.1057
vol_vs_ema21,q,-1,5. day volume / EMA21 volume,IS,3,"[0.614, 0.803]",1206,1.3603,69.4859,1.6972,8.7065,-6.3940,0.0208,0.1057
vol_vs_ema21,q,-1,5. day volume / EMA21 volume,IS,4,"[0.803, 1.12]",1206,1.3774,67.4959,1.6455,10.1161,-6.5644,0.0208,0.1057
vol_vs_ema21,q,-1,5. day volume / EMA21 volume,IS,5,"[1.12, 10.1]",1207,1.5479,67.7713,1.7446,9.9420,-6.4500,0.0208,0.1057
vol_vs_ema21,q,-1,5. day volume / EMA21 volume,OOS,1,"[0.0347, 0.451]",1264,0.2090,63.7658,1.0879,11.5506,-6.5655,-0.0364,0.0072
vol_vs_ema21,q,-1,5. day volume / EMA21 volume,OOS,2,"[0.451, 0.614]",1036,0.9305,66.4093,1.4960,8.5907,-5.5852,-0.0364,0.0072
vol_vs_ema21,q,-1,5. day volume / EMA21 volume,OOS,3,"[0.614, 0.803]",1083,0.4129,64.0813,1.1958,10.8033,-5.8699,-0.0364,0.0072
vol_vs_ema21,q,-1,5. day volume / EMA21 volume,OOS,4,"[0.803, 1.12]",1033,0.5114,63.9884,1.2478,9.9710,-5.7307,-0.0364,0.0072
vol_vs_ema21,q,-1,5. day volume / EMA21 volume,OOS,5,"[1.12, 10.1]",1030,-0.0125,56.6990,0.9949,10.1942,-5.6637,-0.0364,0.0072
close_pos,q,1,6. close position in day range,IS,1,"[0, 0.107]",1203,1.4266,67.2485,1.6490,10.4738,-6.7118,-0.0010,0.9387
close_pos,q,1,6. close position in day range,IS,2,"[0.107, 0.16]",1203,1.1175,67.0823,1.5187,9.8919,-6.5452,-0.0010,0.9387
close_pos,q,1,6. close position in day range,IS,3,"[0.16, 0.237]",1203,1.0347,69.0773,1.5058,9.3932,-6.6147,-0.0010,0.9387
close_pos,q,1,6. close position in day range,IS,4,"[0.238, 0.371]",1203,1.4837,67.9967,1.8176,8.0632,-5.6704,-0.0010,0.9387
close_pos,q,1,6. close position in day range,IS,5,"[0.371, 0.955]",1203,1.6057,69.8254,1.9445,7.6475,-5.6340,-0.0010,0.9387
close_pos,q,1,6. close position in day range,OOS,1,"[0, 0.107]",1051,0.4903,61.2750,1.2045,12.1789,-6.1918,-0.0302,0.0257
close_pos,q,1,6. close position in day range,OOS,2,"[0.107, 0.16]",1134,0.5196,63.5802,1.2456,9.4356,-5.8098,-0.0302,0.0257
close_pos,q,1,6. close position in day range,OOS,3,"[0.16, 0.237]",1178,0.4446,65.1104,1.2098,10.8659,-6.0745,-0.0302,0.0257
close_pos,q,1,6. close position in day range,OOS,4,"[0.238, 0.371]",1085,0.3391,62.9493,1.1594,9.4931,-5.7422,-0.0302,0.0257
close_pos,q,1,6. close position in day range,OOS,5,"[0.371, 0.955]",996,0.1906,61.9478,1.0876,9.4378,-5.7174,-0.0302,0.0257
lower_wick,q,1,6. lower wick share of range,IS,1,"[0, 0.103]",1203,1.4632,67.2485,1.6729,10.0582,-6.6389,-0.0141,0.2736
lower_wick,q,1,6. lower wick share of range,IS,2,"[0.103, 0.155]",1203,1.2059,67.3317,1.5763,9.8919,-6.4047,-0.0141,0.2736
lower_wick,q,1,6. lower wick share of range,IS,3,"[0.155, 0.225]",1203,1.2034,69.8254,1.6108,8.8944,-6.5298,-0.0141,0.2736
lower_wick,q,1,6. lower wick share of range,IS,4,"[0.225, 0.35]",1203,1.2768,67.7473,1.6662,8.6451,-5.9421,-0.0141,0.2736
lower_wick,q,1,6. lower wick share of range,IS,5,"[0.351, 0.888]",1203,1.5188,69.0773,1.8632,7.9800,-5.6898,-0.0141,0.2736
lower_wick,q,1,6. lower wick share of range,OOS,1,"[0, 0.103]",1027,0.4859,61.5385,1.2029,11.7819,-6.2276,-0.0241,0.0759
lower_wick,q,1,6. lower wick share of range,OOS,2,"[0.103, 0.155]",1131,0.5347,63.7489,1.2505,9.9027,-5.8889,-0.0241,0.0759
lower_wick,q,1,6. lower wick share of range,OOS,3,"[0.155, 0.225]",1114,0.3496,63.8241,1.1635,10.5027,-5.9108,-0.0241,0.0759
lower_wick,q,1,6. lower wick share of range,OOS,4,"[0.225, 0.35]",1150,0.3468,63.3913,1.1605,10.4348,-5.9014,-0.0241,0.0759
lower_wick,q,1,6. lower wick share of range,OOS,5,"[0.351, 0.888]",1022,0.2877,62.5245,1.1367,8.8063,-5.6149,-0.0241,0.0759
hammer,b,1,6. hammer candle on signal day,IS,1,0,5813,1.3859,68.5360,1.7017,9.0831,-6.2775,-0.0387,0.0026
hammer,b,1,6. hammer candle on signal day,IS,2,1,219,0.2398,61.6438,1.1051,9.5890,-5.9496,-0.0387,0.0026
hammer,b,1,6. hammer candle on signal day,OOS,1,0,5232,0.4277,63.2454,1.1957,10.3402,-5.9457,-0.0300,0.0270
hammer,b,1,6. hammer candle on signal day,OOS,2,1,214,-0.2195,57.9439,0.8975,8.8785,-5.0921,-0.0300,0.0270
any_reversal,b,1,6. any reversal candle on signal day,IS,1,0,5813,1.3859,68.5360,1.7017,9.0831,-6.2775,-0.0387,0.0026
any_reversal,b,1,6. any reversal candle on signal day,IS,2,1,219,0.2398,61.6438,1.1051,9.5890,-5.9496,-0.0387,0.0026
any_reversal,b,1,6. any reversal candle on signal day,OOS,1,0,5232,0.4277,63.2454,1.1957,10.3402,-5.9457,-0.0300,0.0270
any_reversal,b,1,6. any reversal candle on signal day,OOS,2,1,214,-0.2195,57.9439,0.8975,8.8785,-5.0921,-0.0300,0.0270
sma_150_slope,q,1,7. 20d slope of SMA150,IS,1,"[-5.24, 1.48]",1207,1.3065,70.3397,1.8290,7.7051,-5.3133,0.0865,0.0000
sma_150_slope,q,1,7. 20d slope of SMA150,IS,2,"[1.48, 2.91]",1206,0.8533,65.7546,1.4422,8.4577,-5.6345,0.0865,0.0000
sma_150_slope,q,1,7. 20d slope of SMA150,IS,3,"[2.91, 4.47]",1206,0.9189,66.5008,1.4357,9.2040,-6.2962,0.0865,0.0000
sma_150_slope,q,1,7. 20d slope of SMA150,IS,4,"[4.48, 6.86]",1206,1.3857,68.2421,1.6726,9.7015,-6.4872,0.0865,0.0000
sma_150_slope,q,1,7. 20d slope of SMA150,IS,5,"[6.86, 43.2]",1207,2.2562,70.5882,1.9998,10.4391,-7.6726,0.0865,0.0000
sma_150_slope,q,1,7. 20d slope of SMA150,OOS,1,"[-5.24, 1.48]",1862,0.0135,60.7948,1.0061,10.6874,-5.6966,0.0868,0.0000
sma_150_slope,q,1,7. 20d slope of SMA150,OOS,2,"[1.48, 2.91]",1329,0.3460,63.0549,1.1735,8.5026,-5.3975,0.0868,0.0000
sma_150_slope,q,1,7. 20d slope of SMA150,OOS,3,"[2.91, 4.47]",963,0.4557,63.2399,1.2111,10.3842,-5.8722,0.0868,0.0000
sma_150_slope,q,1,7. 20d slope of SMA150,OOS,4,"[4.48, 6.86]",761,0.8863,66.6229,1.4199,10.1183,-6.3241,0.0868,0.0000
sma_150_slope,q,1,7. 20d slope of SMA150,OOS,5,"[6.86, 43.2]",531,1.1158,65.3484,1.4237,13.3710,-7.5988,0.0868,0.0000
dist_sma_50,q,0,7. % distance from SMA50,IS,1,"[-22.6, -3.02]",1207,1.1431,65.8658,1.5400,9.4449,-6.2009,0.0822,0.0000
dist_sma_50,q,0,7. % distance from SMA50,IS,2,"[-3.02, 0.666]",1206,0.5961,64.0133,1.2635,10.6965,-6.2866,0.0822,0.0000
dist_sma_50,q,0,7. % distance from SMA50,IS,3,"[0.667, 3.93]",1206,1.0847,67.1642,1.5318,8.7065,-6.2114,0.0822,0.0000
dist_sma_50,q,0,7. % distance from SMA50,IS,4,"[3.93, 8.37]",1206,1.3489,69.4030,1.7236,8.7894,-6.0927,0.0822,0.0000
dist_sma_50,q,0,7. % distance from SMA50,IS,5,"[8.37, 56.4]",1207,2.5479,74.9793,2.5452,7.8708,-6.5900,0.0822,0.0000
dist_sma_50,q,0,7. % distance from SMA50,OOS,1,"[-22.6, -3.02]",837,0.2786,62.3656,1.1299,9.5579,-5.6987,0.1088,0.0000
dist_sma_50,q,0,7. % distance from SMA50,OOS,2,"[-3.02, 0.666]",1208,-0.2668,58.8576,0.8863,10.2649,-5.7053,0.1088,0.0000
dist_sma_50,q,0,7. % distance from SMA50,OOS,3,"[0.667, 3.93]",1227,-0.1030,59.9022,0.9557,11.4099,-5.8049,0.1088,0.0000
dist_sma_50,q,0,7. % distance from SMA50,OOS,4,"[3.93, 8.37]",1155,0.3485,64.3290,1.1588,10.5628,-6.1515,0.1088,0.0000
dist_sma_50,q,0,7. % distance from SMA50,OOS,5,"[8.37, 56.4]",1019,1.9665,70.8538,2.0711,9.2247,-6.2992,0.1088,0.0000
ema_stack,b,1,7. EMA21 > EMA50 > EMA200,IS,1,0,1126,0.7588,63.4991,1.3731,9.2362,-5.5725,0.0616,0.0000
ema_stack,b,1,7. EMA21 > EMA50 > EMA200,IS,2,1,4906,1.4787,69.3844,1.7486,9.0705,-6.4520,0.0616,0.0000
ema_stack,b,1,7. EMA21 > EMA50 > EMA200,OOS,1,0,1083,0.0785,62.5115,1.0360,10.5263,-5.8280,0.0320,0.0182
ema_stack,b,1,7. EMA21 > EMA50 > EMA200,OOS,2,1,4363,0.4826,63.1675,1.2211,10.2223,-5.9276,0.0320,0.0182
above_m_p,b,1,8. close above monthly pivot,IS,1,0,2931,1.1283,65.1996,1.5118,9.7919,-6.3354,0.0342,0.0079
above_m_p,b,1,8. close above monthly pivot,IS,2,1,3101,1.5484,71.2028,1.8700,8.4489,-6.1804,0.0342,0.0079
above_m_p,b,1,8. close above monthly pivot,OOS,1,0,2527,0.0875,61.1793,1.0385,10.4076,-5.8629,0.0497,0.0002
above_m_p,b,1,8. close above monthly pivot,OOS,2,1,2919,0.6748,64.6454,1.3208,10.1747,-5.9500,0.0497,0.0002
dist_m_p,q,0,8. % distance from monthly pivot,IS,1,"[-28.7, -3.98]",1207,1.4714,65.7001,1.6740,9.4449,-6.3649,0.0351,0.0063
dist_m_p,q,0,8. % distance from monthly pivot,IS,2,"[-3.97, -1.04]",1206,0.9125,64.7595,1.4068,9.8673,-6.3658,0.0351,0.0063
dist_m_p,q,0,8. % distance from monthly pivot,IS,3,"[-1.04, 1.7]",1206,1.0683,67.6617,1.5371,9.4527,-6.1503,0.0351,0.0063
dist_m_p,q,0,8. % distance from monthly pivot,IS,4,"[1.7, 5.86]",1206,1.3039,70.3151,1.7358,8.2919,-5.9700,0.0351,0.0063
dist_m_p,q,0,8. % distance from monthly pivot,IS,5,"[5.86, 75.1]",1207,1.9647,72.9909,2.1267,8.4507,-6.4565,0.0351,0.0063
dist_m_p,q,0,8. % distance from monthly pivot,OOS,1,"[-28.7, -3.98]",804,0.4919,64.0547,1.2192,10.1990,-6.2433,0.0596,0.0000
dist_m_p,q,0,8. % distance from monthly pivot,OOS,2,"[-3.97, -1.04]",1179,-0.2539,58.6090,0.8948,11.2807,-5.8294,0.0596,0.0000
dist_m_p,q,0,8. % distance from monthly pivot,OOS,3,"[-1.04, 1.7]",1276,0.0804,61.2069,1.0365,10.1097,-5.6764,0.0596,0.0000
dist_m_p,q,0,8. % distance from monthly pivot,OOS,4,"[1.7, 5.86]",1199,0.5742,64.3870,1.2813,9.6747,-5.7317,0.0596,0.0000
dist_m_p,q,0,8. % distance from monthly pivot,OOS,5,"[5.86, 75.1]",988,1.3195,68.2186,1.6565,10.1215,-6.3235,0.0596,0.0000
m_cpr_width_rank,q,0,8. monthly CPR width vs own 12m history,IS,1,"[0, 0.182]",1408,0.5347,64.4886,1.2206,11.2926,-6.8235,0.0566,0.0000
m_cpr_width_rank,q,0,8. monthly CPR width vs own 12m history,IS,2,"[0.2, 0.455]",1426,1.1463,66.9705,1.5401,9.6073,-6.4256,0.0566,0.0000
m_cpr_width_rank,q,0,8. monthly CPR width vs own 12m history,IS,3,"[0.5, 0.636]",1040,1.7024,69.2308,1.9285,8.4615,-5.9591,0.0566,0.0000
m_cpr_width_rank,q,0,8. monthly CPR width vs own 12m history,IS,4,"[0.667, 0.818]",1066,1.5343,69.2308,1.8330,8.2552,-5.9862,0.0566,0.0000
m_cpr_width_rank,q,0,8. monthly CPR width vs own 12m history,IS,5,"[0.889, 1]",1092,2.1203,73.0769,2.3842,7.0513,-5.6892,0.0566,0.0000
m_cpr_width_rank,q,0,8. monthly CPR width vs own 12m history,OOS,1,"[0, 0.182]",1415,0.2101,61.9788,1.0950,10.1060,-5.8188,0.0626,0.0000
m_cpr_width_rank,q,0,8. monthly CPR width vs own 12m history,OOS,2,"[0.2, 0.455]",1423,0.1051,62.3331,1.0477,10.4006,-5.8507,0.0626,0.0000
m_cpr_width_rank,q,0,8. monthly CPR width vs own 12m history,OOS,3,"[0.5, 0.636]",930,0.0853,61.5054,1.0364,11.0753,-6.0899,0.0626,0.0000
m_cpr_width_rank,q,0,8. monthly CPR width vs own 12m history,OOS,4,"[0.667, 0.818]",865,0.6067,63.8150,1.2722,11.2139,-6.1600,0.0626,0.0000
m_cpr_width_rank,q,0,8. monthly CPR width vs own 12m history,OOS,5,"[0.889, 1]",813,1.4020,67.0357,1.7513,8.4871,-5.6610,0.0626,0.0000
breadth_50,q,1,9. REGIME: % universe above SMA50 (per day),IS,1,"[6.48, 36.3]",1253,1.4048,65.4429,1.5292,11.6520,-7.6815,-0.0333,0.0096
breadth_50,q,1,9. REGIME: % universe above SMA50 (per day),IS,2,"[37.1, 53.7]",1255,1.1439,65.8964,1.4717,11.7131,-7.1112,-0.0333,0.0096
breadth_50,q,1,9. REGIME: % universe above SMA50 (per day),IS,3,"[53.7, 61.5]",1115,0.9908,68.1614,1.5045,9.3274,-6.1689,-0.0333,0.0096
breadth_50,q,1,9. REGIME: % universe above SMA50 (per day),IS,4,"[61.6, 73.2]",1204,1.7306,71.4286,2.1191,7.1429,-5.4123,-0.0333,0.0096
breadth_50,q,1,9. REGIME: % universe above SMA50 (per day),IS,5,"[73.3, 88.6]",1205,1.4311,70.7054,2.1056,5.4772,-4.4185,-0.0333,0.0096
breadth_50,q,1,9. REGIME: % universe above SMA50 (per day),OOS,1,"[6.48, 36.3]",1451,1.0761,68.2288,1.6225,8.0634,-5.4410,-0.0175,0.1957
breadth_50,q,1,9. REGIME: % universe above SMA50 (per day),OOS,2,"[37.1, 53.7]",1946,-0.2356,58.6331,0.9079,11.6650,-6.1824,-0.0175,0.1957
breadth_50,q,1,9. REGIME: % universe above SMA50 (per day),OOS,3,"[53.7, 61.5]",613,0.2720,61.8271,1.1222,11.2561,-5.8290,-0.0175,0.1957
breadth_50,q,1,9. REGIME: % universe above SMA50 (per day),OOS,4,"[61.6, 73.2]",997,0.8335,64.3932,1.3996,9.5286,-5.8581,-0.0175,0.1957
breadth_50,q,1,9. REGIME: % universe above SMA50 (per day),OOS,5,"[73.3, 88.6]",439,0.2052,64.0091,1.0935,11.8451,-6.0962,-0.0175,0.1957
ew_ret_20,q,1,9. REGIME: universe EW 20d return (per day),IS,1,"[-12.7, -2.29]",1223,0.7219,63.7776,1.2520,12.2649,-7.9077,-0.0478,0.0002
ew_ret_20,q,1,9. REGIME: universe EW 20d return (per day),IS,2,"[-2, 1.37]",1190,2.2773,71.3445,2.2883,8.2353,-6.1688,-0.0478,0.0002
ew_ret_20,q,1,9. REGIME: universe EW 20d return (per day),IS,3,"[1.42, 3.54]",1296,1.7053,71.2191,1.9690,8.4877,-6.1149,-0.0478,0.0002
ew_ret_20,q,1,9. REGIME: universe EW 20d return (per day),IS,4,"[3.58, 7.23]",1146,0.3287,63.7871,1.1594,9.5986,-5.6952,-0.0478,0.0002
ew_ret_20,q,1,9. REGIME: universe EW 20d return (per day),IS,5,"[7.24, 18.3]",1177,1.6390,71.0280,2.1150,6.8819,-5.0737,-0.0478,0.0002
ew_ret_20,q,1,9. REGIME: universe EW 20d return (per day),OOS,1,"[-12.7, -2.29]",782,1.4614,71.3555,1.8884,7.8005,-5.7427,-0.0650,0.0000
ew_ret_20,q,1,9. REGIME: universe EW 20d return (per day),OOS,2,"[-2, 1.37]",2013,0.4255,62.8415,1.2048,9.3890,-5.5900,-0.0650,0.0000
ew_ret_20,q,1,9. REGIME: universe EW 20d return (per day),OOS,3,"[1.42, 3.54]",1459,0.0304,60.1097,1.0124,11.9260,-6.1165,-0.0650,0.0000
ew_ret_20,q,1,9. REGIME: universe EW 20d return (per day),OOS,4,"[3.58, 7.23]",956,-0.2367,59.5188,0.9086,12.2385,-6.3974,-0.0650,0.0000
ew_ret_20,q,1,9. REGIME: universe EW 20d return (per day),OOS,5,"[7.24, 18.3]",236,1.5823,69.4915,1.9610,8.0508,-5.3972,-0.0650,0.0000
down_streak,q,0,10. consecutive down closes incl. signal day,IS,1,"[1, 2]",3763,1.4131,68.8281,1.7203,8.9556,-6.2931,-0.0249,0.0534
down_streak,q,0,10. consecutive down closes incl. signal day,IS,2,"[3, 3]",1302,1.2320,67.2811,1.6208,9.5238,-6.0658,-0.0249,0.0534
down_streak,q,0,10. consecutive down closes incl. signal day,IS,3,"[4, 9]",967,1.2278,67.5284,1.5891,9.1003,-6.4187,-0.0249,0.0534
down_streak,q,0,10. consecutive down closes incl. signal day,OOS,1,"[1, 2]",3495,0.4153,63.2904,1.1948,10.1288,-5.8086,0.0008,0.9522
down_streak,q,0,10. consecutive down closes incl. signal day,OOS,2,"[3, 3]",1153,0.2313,61.7520,1.0969,11.9688,-6.2420,0.0008,0.9522
down_streak,q,0,10. consecutive down closes incl. signal day,OOS,3,"[4, 9]",798,0.5921,63.7845,1.2801,8.5213,-5.8366,0.0008,0.9522
pb_days,q,0,10. sessions since 10d high,IS,1,"[0, 2]",1239,1.3891,67.6352,1.6677,9.5238,-6.4279,-0.0154,0.2319
pb_days,q,0,10. sessions since 10d high,IS,2,"[3, 4]",1796,1.3341,67.6503,1.6459,9.2428,-6.3850,-0.0154,0.2319
pb_days,q,0,10. sessions since 10d high,IS,3,"[5, 5]",705,1.4745,70.3546,1.7680,9.3617,-6.4759,-0.0154,0.2319
pb_days,q,0,10. sessions since 10d high,IS,4,"[6, 8]",1209,1.7147,72.0430,2.0405,7.8577,-5.8945,-0.0154,0.2319
pb_days,q,0,10. sessions since 10d high,IS,5,"[9, 57]",1083,0.8116,64.5429,1.3743,9.6030,-6.1150,-0.0154,0.2319
pb_days,q,0,10. sessions since 10d high,OOS,1,"[0, 2]",1121,0.2486,60.7493,1.1056,11.5076,-5.9992,0.0066,0.6285
pb_days,q,0,10. sessions since 10d high,OOS,2,"[3, 4]",1485,0.3344,61.5488,1.1517,10.2357,-5.7311,0.0066,0.6285
pb_days,q,0,10. sessions since 10d high,OOS,3,"[5, 5]",706,0.7747,66.2890,1.3732,10.0567,-6.1583,0.0066,0.6285
pb_days,q,0,10. sessions since 10d high,OOS,4,"[6, 8]",1106,0.7084,66.2749,1.3568,9.6745,-5.8880,0.0066,0.6285
pb_days,q,0,10. sessions since 10d high,OOS,5,"[9, 57]",1028,0.0827,61.9650,1.0367,9.8249,-5.9282,0.0066,0.6285
mom_12_1,q,1,11. 12-1 month momentum,IS,1,"[-46.9, 15.8]",921,0.7829,66.8838,1.3983,9.6634,-5.9353,0.0420,0.0043
mom_12_1,q,1,11. 12-1 month momentum,IS,2,"[15.8, 35.8]",920,0.6008,64.0217,1.3022,9.1304,-5.5264,0.0420,0.0043
mom_12_1,q,1,11. 12-1 month momentum,IS,3,"[35.8, 61.2]",920,0.7506,65.2174,1.3515,9.4565,-6.1388,0.0420,0.0043
mom_12_1,q,1,11. 12-1 month momentum,IS,4,"[61.3, 104]",920,0.2885,62.8261,1.1070,11.7391,-7.2544,0.0420,0.0043
mom_12_1,q,1,11. 12-1 month momentum,IS,5,"[104, 4.45e+03]",921,1.1671,65.2552,1.4247,12.9207,-7.9096,0.0420,0.0043
mom_12_1,q,1,11. 12-1 month momentum,OOS,1,"[-46.9, 15.8]",2771,0.1773,61.8549,1.0816,10.1047,-5.6965,0.0867,0.0000
mom_12_1,q,1,11. 12-1 month momentum,OOS,2,"[15.8, 35.8]",1119,0.2438,61.2154,1.1125,9.9196,-5.5878,0.0867,0.0000
mom_12_1,q,1,11. 12-1 month momentum,OOS,3,"[35.8, 61.2]",770,0.7012,65.9740,1.3307,9.7403,-6.2314,0.0867,0.0000
mom_12_1,q,1,11. 12-1 month momentum,OOS,4,"[61.3, 104]",423,1.0348,66.9031,1.4654,11.1111,-6.7178,0.0867,0.0000
mom_12_1,q,1,11. 12-1 month momentum,OOS,5,"[104, 4.45e+03]",251,1.4913,65.3386,1.5786,14.3426,-7.4357,0.0867,0.0000
cap_band,c,0,12. cap band (latest snapshot),IS,1,Mid,3011,1.4965,67.6187,1.6993,9.7974,-6.6090,-0.0355,0.0058
cap_band,c,0,12. cap band (latest snapshot),IS,2,Large,2006,1.1954,67.8963,1.6064,9.3220,-6.1403,-0.0355,0.0058
cap_band,c,0,12. cap band (latest snapshot),IS,3,Mega,1015,1.1869,71.0345,1.7610,6.6010,-5.3846,-0.0355,0.0058
cap_band,c,0,12. cap band (latest snapshot),OOS,1,Mid,2585,0.3847,61.8182,1.1581,11.6054,-6.3714,-0.0311,0.0219
cap_band,c,0,12. cap band (latest snapshot),OOS,2,Large,1924,0.5120,64.7609,1.2461,9.9792,-5.9033,-0.0311,0.0219
cap_band,c,0,12. cap band (latest snapshot),OOS,3,Mega,937,0.2254,62.8602,1.1319,7.2572,-4.6004,-0.0311,0.0219
