universe,dip,trigger,exit,n_is,net_is,win_is,pf_is,n_oos,net_oos,win_oos,pf_oos,big_oos
uptrend,d7,now,hi7,6032,1.3442867642423024,68.28580901856765,1.6767869316334851,5446,0.4022761655655615,63.037091443261104,1.1842259211040207,10.282776349614396
uptrend,d7,now,hold10,6348,1.3266703314626278,53.843730308758666,1.5762633955367977,5893,0.214217399789907,47.03885966400815,1.0877649854401779,8.857967079585949
uptrend,d7,rev,hi7,5014,0.6016484923514276,68.94694854407658,1.4055465789256978,4514,-0.19626758930424695,62.09570225963669,0.8882892028375028,7.775808595480727
uptrend,d7,rev,hold10,4698,0.27602623345895566,47.65857811834823,1.0964223314818142,4272,-0.36901595723081,41.80711610486891,0.8723798651650531,10.838014981273409
uptrend,rsi2,now,hi7,4880,1.458814716555643,68.99590163934425,1.7207879693878785,4323,0.4322066034780377,62.572287763127456,1.1944670582418713,10.108720795743697
uptrend,rsi2,now,hold10,5143,1.4226555785833668,54.3651565234299,1.6261074458469098,4604,0.16448584715962847,46.95916594265856,1.06675372958765,9.209383145091225
uptrend,rsi2,rev,hi7,3913,0.5761311198340477,68.69409660107334,1.371753653136546,3501,-0.23539918628900403,61.411025421308196,0.8695137903220557,7.883461868037704
uptrend,rsi2,rev,hold10,3670,0.22644139779233008,47.520435967302454,1.0781070952622225,3357,-0.4293947587246411,41.9124218051832,0.8515939673655891,11.11111111111111
uptrend,ema9,now,hi7,6527,0.9442905182650048,66.03339972422246,1.438772996381768,6059,0.36798153750673845,62.6836111569566,1.1662364683801267,10.61231226274963
uptrend,ema9,now,hold10,5706,0.9535184480220865,50.98142306344199,1.3763993533043808,5199,0.2020226061463002,46.23966147336026,1.07931972195143,9.213310251971533
uptrend,ema9,rev,hi7,3743,0.6675921614927142,68.04702110606465,1.4616704228098902,3794,-0.15086490895881172,63.231418028466,0.916436878397175,8.513442277279916
uptrend,ema9,rev,hold10,3131,0.7603193764324231,48.99393165122964,1.2871240251743095,3110,-0.3539356458320065,42.057877813504824,0.8791053929949573,11.12540192926045
uptrend,ema21,now,hi7,5211,1.1047673987341664,67.70293609671847,1.5420005946142041,4783,0.3055329503823095,62.53397449299602,1.141319901408547,10.077357307129416
uptrend,ema21,now,hold10,4608,1.277423981182219,53.23350694444444,1.5370267932989448,4186,0.12009589930849672,46.17773530817009,1.0462853677909845,9.722885809842332
uptrend,ema21,rev,hi7,3422,0.6850741007609199,69.46230274693161,1.4770729819438624,3304,-0.11486929443932471,62.5,0.9330691253147521,7.657384987893462
uptrend,ema21,rev,hold10,2975,0.5606352536758598,48.168067226890756,1.2082049586955086,2838,-0.3834527433357897,42.353770260747005,0.8681173547016136,11.169837914023962
uptrend,ema50,now,hi7,3633,1.3428012579689477,67.49243049821084,1.626976289056253,3213,0.1555180741720688,60.317460317460316,1.0701736580671946,9.586056644880173
uptrend,ema50,now,hold10,3381,1.690189482101908,54.1555752735877,1.7196907094977611,3008,-0.09835680014089132,44.71409574468085,0.9622578484593081,9.375
uptrend,ema50,rev,hi7,2475,0.77948136573873,69.21212121212122,1.52818849293389,2255,-0.22197176571637145,60.70953436807095,0.8762169816448364,7.450110864745012
uptrend,ema50,rev,hold10,2242,0.6407925401562323,47.94826048171276,1.2298704084834917,2039,-0.6269071334575417,40.60814124570868,0.7850816107366867,10.397253555664541
uptrend,cpr,now,hi7,4513,1.1190865542679291,69.79836029248837,1.6004718013573427,4326,0.3049663044665608,63.80027739251041,1.1526599938414883,9.385113268608414
uptrend,cpr,now,hold10,4194,1.4011581585223238,52.93276108726752,1.5927101036596865,4027,0.13018558324004467,45.890240874099824,1.050708574456993,9.560466848770798
uptrend,cpr,rev,hi7,3325,0.6684050894412702,69.35338345864662,1.493861905819148,3211,-0.1788791692608198,62.53503581438804,0.8967341386435924,7.505450015571473
uptrend,cpr,rev,hold10,3047,0.7609585123755183,49.91795208401707,1.2854027414820002,2927,-0.333014200732846,41.85172531602323,0.8835481796636907,10.4202254868466
uptrend,down3,now,hi7,5520,1.0362844829573397,66.88405797101449,1.5066151900673925,5010,0.4368439257093267,62.79441117764472,1.201959511707829,10.139720558882235
uptrend,down3,now,hold10,5562,0.8845875982888382,51.34843581445523,1.3613346483824404,5054,0.18293949953291655,45.963593193510086,1.0734403993474722,9.22041946972695
uptrend,down3,rev,hi7,4211,0.4166005776918518,66.49251959154596,1.255563196226009,3877,-0.0927910512417289,62.98684549909724,0.9467483593185548,7.53159659530565
uptrend,down3,rev,hold10,3829,0.23016824213046336,47.24471141290154,1.078994500588117,3559,-0.21607405644033106,42.87721270019668,0.9217876602272818,10.396178701882551
uptrend,off20,now,hi7,7118,0.9316438944657018,67.3644282101714,1.4674165038090536,5806,0.5516975762326517,64.553909748536,1.2602745921071314,10.3169135377196
uptrend,off20,now,hold10,6260,0.7291515341591668,49.36102236421725,1.2554792307857425,5351,0.3463221862110931,46.96318445150439,1.1276470502560767,11.343674079611288
uptrend,off20,rev,hi7,5057,0.507883394288442,67.70812734823018,1.333651930610952,4406,-0.03993620846125539,63.68588288697231,0.9779274504715121,8.420335905583295
uptrend,off20,rev,hold10,4317,0.5453712841902644,48.29742876997915,1.183884579994177,3757,-0.0468505418147047,43.944636678200695,0.984110142032891,11.578387010912962
uptrend,bb,now,hi7,2482,1.6197255770819583,69.33924254633361,1.7593493993328333,2388,0.5137647464027808,61.515912897822446,1.24346736438355,8.919597989949748
uptrend,bb,now,hold10,2633,1.5319928899842887,55.8298518799848,1.6517452788395157,2518,0.06812367039933069,47.77601270849881,1.027431164080223,9.451945988880063
uptrend,bb,rev,hi7,2096,0.4860702710877421,68.84541984732824,1.284797738187072,1948,0.06993920565443554,61.55030800821355,1.0440075455876765,6.519507186858315
uptrend,bb,rev,hold10,2064,-0.23475321120991707,46.22093023255814,0.9267587565805986,1950,-0.05524014320942701,43.8974358974359,0.9788710370712643,8.717948717948717
leaders,d7,now,hi7,1522,1.1673363141196418,67.27989487516426,1.4310782298130063,1965,1.102155639727769,67.43002544529261,1.5130275597928662,10.483460559796438
leaders,d7,now,hold10,1583,1.1143039951542772,51.863550221099175,1.3725812424481982,2057,0.9909473209653472,52.84394749635391,1.3910559968573954,10.549343704423917
leaders,d7,rev,hi7,1223,0.6146227327980938,70.23712183156174,1.304076085255961,1636,0.07915815637667903,65.70904645476773,1.0447953912610093,8.06845965770171
leaders,d7,rev,hold10,1160,-0.3910218327003853,46.37931034482759,0.8922321165232472,1549,0.09479346888265185,44.8030987734022,1.0306564262433318,12.395093608779858
leaders,rsi2,now,hi7,1220,1.467327137818227,67.8688524590164,1.5312370379519962,1498,1.1902357191276651,66.08811748998666,1.5474338688629659,10.61415220293725
leaders,rsi2,now,hold10,1273,1.1449568895156683,51.453260015710924,1.3773520047742787,1537,0.8451131627216237,51.65907612231621,1.3318816258371022,10.670136629798309
leaders,rsi2,rev,hi7,950,0.5437655576983185,69.57894736842105,1.2488743518750265,1220,0.025969209748504852,64.09836065573771,1.0144578118462262,7.868852459016394
leaders,rsi2,rev,hold10,894,-0.4906935388121706,46.42058165548099,0.8665768316721697,1171,-0.056629398062779016,44.15029888983775,0.9815563273294591,12.63877028181042
leaders,ema9,now,hi7,1694,0.8032630153106061,65.99763872491145,1.282741539790836,2282,1.0179923498966517,66.56441717791411,1.4641449733249727,10.955302366345311
leaders,ema9,now,hold10,1511,0.7990800313075211,50.43017868960953,1.2515000606268503,1954,0.7826254833043785,50.92118730808598,1.2935110718946692,11.412487205731832
leaders,ema9,rev,hi7,964,0.9360734330160764,71.47302904564316,1.5625459331358826,1488,0.2178052169531762,66.19623655913979,1.1270966930224107,8.131720430107526
leaders,ema9,rev,hold10,837,0.689824866663125,49.82078853046595,1.2302680128609336,1224,0.010016747129348474,45.26143790849673,1.0032119543585165,12.990196078431374
leaders,ema21,now,hi7,1378,0.8903622398721995,67.19883889695211,1.3254195517388847,1874,0.8958034089650286,66.27534685165422,1.4229454144320308,9.925293489861259
leaders,ema21,now,hold10,1234,0.7868686701186153,51.296596434359806,1.2524749722509687,1645,0.45956066743294416,49.48328267477204,1.1683022558727967,11.306990881458967
leaders,ema21,rev,hi7,915,0.6717640669374968,70.7103825136612,1.3780540096053993,1356,0.08008118401368426,64.67551622418878,1.0481476285869302,7.595870206489676
leaders,ema21,rev,hold10,816,0.0027137045678052494,47.30392156862745,1.0008483239549866,1163,-0.21965630093759841,44.53998280309544,0.9291462218511258,13.241616509028376
leaders,ema50,now,hi7,777,0.7140265042486842,62.80566280566281,1.2235481497906733,952,0.8437538478572231,63.4453781512605,1.3882818904448941,9.978991596638656
leaders,ema50,now,hold10,730,0.27543222930157923,47.94520547945205,1.0777224966036607,904,0.5099165780892924,48.89380530973451,1.1857502763294463,10.508849557522124
leaders,ema50,rev,hi7,533,0.5663946918735169,68.66791744840526,1.2579472042159474,711,0.0017845565489804755,62.30661040787623,1.000991035288496,7.172995780590717
leaders,ema50,rev,hold10,493,-1.1600761581105197,40.56795131845842,0.7134803789023426,669,-0.2152680619424089,42.30194319880419,0.931451917405641,12.10762331838565
leaders,cpr,now,hi7,1291,0.989825011732365,68.6289697908598,1.3907925491685749,1704,0.844546855468609,66.72535211267606,1.4291376726976026,9.683098591549296
leaders,cpr,now,hold10,1219,1.190375349162467,50.5332239540607,1.3853465761029065,1592,0.7178239081191168,48.9321608040201,1.2676250748459992,11.243718592964825
leaders,cpr,rev,hi7,963,0.6450128018830392,70.61266874350987,1.3693573698238775,1306,0.19769657913680286,66.23277182235834,1.122712006225813,6.891271056661561
leaders,cpr,rev,hold10,900,0.6344413239789645,50.22222222222222,1.2033785324949116,1192,0.14369374006348862,44.79865771812081,1.0481053467809476,12.332214765100671
leaders,down3,now,hi7,1384,0.7931278377346535,65.7514450867052,1.280284195962474,1817,1.1583655749181518,66.37314254265272,1.5429563113166955,10.787011557512383
leaders,down3,now,hold10,1393,0.6752491556753333,50.39483129935392,1.211389652451409,1776,1.108115348486092,51.7454954954955,1.451587807734114,10.36036036036036
leaders,down3,rev,hi7,1008,0.3894463298470927,66.96428571428571,1.1780996484907034,1424,0.2280977766383223,65.73033707865169,1.1310660579089,7.584269662921349
leaders,down3,rev,hold10,933,-0.2219054995629524,45.98070739549839,0.9382317606425864,1308,0.1971188950489116,45.10703363914373,1.0667888107491839,12.308868501529052
leaders,off20,now,hi7,2545,0.8027272475233821,68.1335952848723,1.3245694503432177,2883,1.1299074465778638,68.22754075615678,1.5665368379158926,9.746791536593825
leaders,off20,now,hold10,2174,0.4264568290797024,48.804047838086476,1.1246929146030336,2593,1.1025322885275723,51.44620131122252,1.4180721114923753,11.37678364828384
leaders,off20,rev,hi7,1782,0.5266770013808807,69.86531986531986,1.2921384060212713,2224,0.2980890880104354,66.681654676259,1.1767905190544539,8.048561151079136
leaders,off20,rev,hold10,1490,0.19912419372392962,47.78523489932886,1.0584314519297395,1863,0.4717849839479972,47.396672034353195,1.1567030231328104,12.506709608158884
leaders,bb,now,hi7,554,0.9878504528658155,67.87003610108303,1.2845410552669547,738,1.6061538702851466,68.02168021680217,1.8482622883677942,8.401084010840108
leaders,bb,now,hold10,590,0.18629025361507495,49.152542372881356,1.0509038081347917,758,0.8507318596846524,54.61741424802111,1.3377856907706258,10.949868073878628
leaders,bb,rev,hi7,454,0.17313188434890817,67.62114537444934,1.0642441394040685,625,0.5883101853796168,67.2,1.4084320289123382,6.08
leaders,bb,rev,hold10,439,-1.8887882579652757,40.31890660592255,0.603658344284294,624,0.5411736775513555,47.756410256410255,1.1980903104577234,11.217948717948719
