base,name,clause,stop,is_avg,is_n,is_win,oos_avg,oos_n,oos_win,oos_pf,oos_mo,oos_red,oos_risk,oos_expR
donchian_breakout,(baseline),,fixed3,-0.22507363228280827,3226,31.897086174829507,-0.29034193788836565,4171,30.8559098537521,0.862138245959685,33.33333333333333,3,3.0,-0.09678064596278854
ema21_pullback,(baseline),,fixed3,0.15453881243666914,9401,35.794064461227535,-0.030542452680978514,8428,33.79212149976269,0.984728725782528,46.666666666666664,3,3.0,-0.010180817560326152
high_tight_breakout,(baseline),,fixed3,-0.2222802181483195,1521,31.558185404339252,-0.3286264454024757,1873,30.32568072610785,0.8449564437207423,33.33333333333333,5,3.0,-0.10954214846749187
monthly_r1_breakout,(baseline),,fixed3,-0.30164502187156134,4307,30.601346644996518,-0.16243270277826496,3926,32.22109016811003,0.920973492413078,33.33333333333333,3,3.0,-0.05414423425942162
narrow_cpr_breakout,(baseline),,fixed3,-0.031517429284981864,8925,33.91596638655462,-0.14120031986514928,8974,32.583017606418544,0.9305901964534093,40.0,5,3.0,-0.047066773288383074
ema21_pullback,pb_reversal_dry,any_reversal == 1 and close_pos > 0.6 and pb_vol_dry < 0.85 and higher_low == 1 and confirm_low_pct > -2.5,confirm_low,-0.05204824466544987,434,32.02764976958525,-0.23842586555232723,496,28.830645161290324,0.8361348730222183,40.0,3,2.0518042207423934,-0.1433601657189709
ema21_pullback,pb_rsi2_washout,rsi_2 < 10 and lower_wick > 0.4 and above_m_p == 1 and ud_vol_20 > 1.2 and pb_days >= 3,confirm_low,0.21580623888542375,137,34.306569343065696,-0.4650095235411594,109,26.605504587155966,0.6929240834108333,33.33333333333333,7,2.063905492238853,-0.2261427955222767
donchian_breakout,dc_clean_close,close_pos > 0.75 and body_pct > 0.5 and confirm_low_pct > -3 and rs_rank > 70,level,0.12017182930600769,122,29.508196721311474,-0.15284238506085934,300,28.333333333333332,0.8898945914132766,38.46153846153847,2,1.9778080658941668,-0.15324736965512628
donchian_breakout,dc_tight_base,atr_ratio_60 < 0.85 and contract_seq == 1 and base_depth > -12 and pct_from_52w_high > -15,low3,-1.2756047120086835,16,31.25,0.2805535941911769,25,36.0,1.098350500088499,,-1,4.994423464371069,0.0512023755196639
donchian_breakout,dc_accumulated,ud_vol_20 > 1.5 and vol_vs_ema21 > 1.3 and sma_50_slope > 0 and dist_sma_50 < 12,level,-0.09412805035748048,464,31.46551724137931,-0.14894697818930658,886,29.119638826185103,0.9046227523766099,40.0,6,2.337140080110218,-0.1472695188575483
narrow_cpr_breakout,cpr_day1_strong,since_m_cpr_tc_cross <= 1 and close_pos > 0.7 and vol_ratio > 1.2 and above_m_p == 1,level,-0.15389873930627906,723,34.3015214384509,-0.099099970817703,771,33.59273670557717,0.9598102697542409,46.666666666666664,5,4.0731178684151645,-0.07329631712783727
narrow_cpr_breakout,cpr_weekly_nested,adj_close > w_cpr_tc and since_m_cpr_tc_cross <= 3 and low3_pct > -2.5 and sma_200_slope > 0,low3,-0.05813573118589835,644,33.85093167701863,-0.07826103983260159,732,31.830601092896178,0.9428790125105451,50.0,3,2.032933752161667,-0.05675857420595899
narrow_cpr_breakout,cpr_hold_then_go,since_m_cpr_tc_cross >= 2 and since_m_cpr_tc_cross <= 5 and higher_low == 1 and close_above_prev_high == 1 and rsi_14 < 70,level,-0.03008202208179776,709,37.51763046544429,-0.361389048038067,792,36.23737373737374,0.8829721509085989,26.666666666666668,8,5.200820847070856,-0.07004448338438546
monthly_r1_breakout,r1_no_chase,close_pos > 0.7 and lower_wick < 0.3 and dist_m_r1 < 3 and above_m_p == 1,level,-0.3027650299897403,769,30.039011703511054,-0.24792524968706606,755,29.00662251655629,0.8409336860144979,26.666666666666668,5,2.20458046813933,-0.14491516417941375
monthly_r1_breakout,r1_flipped_support,low3_dist_m_r1 > -1 and since_m_r1_cross >= 1 and rs_rank > 75 and adj_close < m_r2,low3,-0.7097687606497824,82,35.36585365853659,0.11682678919865194,168,36.30952380952381,1.0462637835878998,38.46153846153847,4,4.176820449402657,0.02108932285971947
monthly_r1_breakout,r1_lowvol_thrust,since_m_r1_cross == 0 and brk_vol > 1.8 and body_pct > 0.6 and atr_pct < 3 and pct_from_52w_high > -10,confirm_low,0.47272928239004264,118,43.22033898305085,-0.38282629796683554,166,35.54216867469879,0.8556401764770415,58.333333333333336,3,4.646965276626012,-0.06969785721340896
high_tight_breakout,ht_power_close,close_pos > 0.8 and vol_ratio >= 2.0 and rs_rank > 85 and base_depth > -15,level,0.23982718268186462,239,35.56485355648535,0.05439118673291126,453,33.77483443708609,1.0220030877622475,53.333333333333336,5,3.8595432161464,-0.07069235747032504
ema21_pullback,pb_sponsored_above_p,above_m_p == 1 and pb_vol_dry < 0.75 and ud_vol_20 >= 1.3 and rs_rank >= 70 and close_above_prev_high == 1,confirm_low,-0.7545202045293499,84,33.33333333333333,0.11339755973358094,97,32.98969072164948,1.0565908466250964,45.45454545454545,3,3.047683310916931,-0.05147132631367903
ema21_pullback,pb_short_dip_in_advance,ret_5d <= 0 and ret_20d >= 6 and time_in_upper_half >= 60 and sma_50_slope > 0 and rsi_2 <= 15 and (two_up == 1 or inside_bar == 1),low3,-0.53328755325968,55,27.27272727272727,0.12344927941657366,46,30.434782608695656,1.103780554495109,33.33333333333333,2,1.827532671599133,-0.08707820917268824
donchian_breakout,dc_sponsored_no_chase,volume > down_vol_max_10 and ud_vol_20 >= 1.5 and close_pos >= 0.7 and gap_pct <= 2,level,-0.04307662043250862,1182,32.571912013536384,-0.23438085688507163,1572,28.68956743002545,0.8852448250392708,33.33333333333333,5,3.014324891759789,-0.16561263385829608
donchian_breakout,dc_aligned_with_r1,since_m_r1_cross >= 0 and since_m_r1_cross <= 3 and m_cpr_width_rank <= 0.3 and above_m_p == 1 and sma_50_slope > 0,level,-0.21278616693233757,377,30.50397877984085,0.25113962536492246,686,33.965014577259474,1.1415079750445212,53.333333333333336,2,2.906569330803815,-0.02016364754281034
narrow_cpr_breakout,cpr_held_not_extended,since_m_cpr_tc_cross >= 1 and dist_m_cpr_tc >= 0.5 and dist_m_cpr_tc <= 3 and close_pos >= 0.6 and vol_ratio >= 1.3 and gap_pct <= 1.5,level,-0.48595290844313827,98,33.6734693877551,-0.7679765392586602,144,28.47222222222222,0.6857712584254234,25.0,3,3.4795094832567397,-0.24106655278066733
narrow_cpr_breakout,cpr_weekly_monthly_align,since_w_cpr_tc_cross >= 0 and since_w_cpr_tc_cross <= 2 and above_m_p == 1 and ud_vol_20 >= 1.2 and sma_50_slope > 0 and (dist_m_r1 <= -4 or dist_m_r1 >= 0),level,0.5868506546533304,822,39.17274939172749,0.05404392881752234,777,34.74903474903475,1.0239012905131422,40.0,5,3.681130986466845,-0.011950240318209045
monthly_r1_breakout,r1_supply_absorbed,pocket_pivot == 1 and close_pos >= 0.65 and gap_pct <= 2,level,-0.21551694919052533,1393,32.08901651112706,-0.15060727010805114,1423,32.88826423049895,0.9326473058716357,40.0,3,3.5875297081696185,-0.0838820979925119
monthly_r1_breakout,r1_trending_month,m_cpr_width_rank <= 0.25 and since_m_cpr_tc_cross >= 3 and above_m_p == 1 and ret_20d <= 12 and dist_sma_50 > 0 and sma_50_slope > 0,confirm_low,-0.6281419901260215,282,29.432624113475175,-0.02573362428710669,421,33.4916864608076,0.9872855072304659,38.46153846153847,3,3.3062037250761906,-0.061673991446078553
high_tight_breakout,ath_sponsored_no_gap,volume > down_vol_max_10 and ud_vol_20 >= 1.5 and close_pos >= 0.7 and gap_pct <= 3,level,0.021681033721970503,619,32.14862681744749,-0.12173793719830184,840,30.0,0.9435343121833953,46.666666666666664,5,3.263794218130858,-0.13222786386942698
high_tight_breakout,ath_first_thrust,ret_5d <= 6 and ret_20d <= 15 and dist_ema_21 <= 8 and rs_rank >= 85 and mom_12_1 > 0 and sma_50_slope > 0 and sma_200_slope > 0,confirm_low,-1.039877019517688,39,30.76923076923077,-0.2124299247895846,149,33.557046979865774,0.9132629779668354,53.333333333333336,3,3.7022033876523337,-0.0649098581670294
