index_name,kind,size
NIFTY 100,broad,100
NIFTY 200,broad,200
NIFTY 500,broad,500
NIFTY 50,broad,50
NIFTY AUTO,sector,15
NIFTY BANK,sector,14
NIFTY COMMODITIES,sector,30
NIFTY CONSUMER DURABLES,sector,13
NIFTY ENERGY,sector,40
NIFTY FINANCIAL SERVICES,sector,20
NIFTY FMCG,sector,15
NIFTY HEALTHCARE,sector,20
NIFTY INFRASTRUCTURE,sector,30
NIFTY IT,sector,10
NIFTY MEDIA,sector,10
NIFTY METAL,sector,15
NIFTY MICROCAP 250,broad,250
NIFTY MIDCAP 150,broad,150
NIFTY MIDSMALLCAP 400,broad,400
NIFTY NEXT 50,broad,50
NIFTY OIL & GAS,sector,15
NIFTY PHARMA,sector,20
NIFTY PRIVATE BANK,sector,10
NIFTY PSU BANK,sector,12
NIFTY REALTY,sector,10
NIFTY SMALLCAP 250,broad,250
NIFTY TOTAL MARKET,broad,750
