isin,symbol,name,series,industry,idx
INE117A01022,ABB,ABB India Ltd.,EQ,Capital Goods,nifty100
INE931S01010,ADANIENSOL,Adani Energy Solutions Ltd.,EQ,Power,nifty100
INE423A01024,ADANIENT,Adani Enterprises Ltd.,EQ,Metals & Mining,nifty100
INE364U01010,ADANIGREEN,Adani Green Energy Ltd.,EQ,Power,nifty100
INE742F01042,ADANIPORTS,Adani Ports and Special Economic Zone Ltd.,EQ,Services,nifty100
INE814H01029,ADANIPOWER,Adani Power Ltd.,EQ,Power,nifty100
INE079A01024,AMBUJACEM,Ambuja Cements Ltd.,EQ,Construction Materials,nifty100
INE437A01024,APOLLOHOSP,Apollo Hospitals Enterprise Ltd.,EQ,Healthcare,nifty100
INE021A01026,ASIANPAINT,Asian Paints Ltd.,EQ,Consumer Durables,nifty100
INE192R01011,DMART,Avenue Supermarts Ltd.,EQ,Consumer Services,nifty100
INE238A01034,AXISBANK,Axis Bank Ltd.,EQ,Financial Services,nifty100
INE917I01010,BAJAJ-AUTO,Bajaj Auto Ltd.,EQ,Automobile and Auto Components,nifty100
INE296A01032,BAJFINANCE,Bajaj Finance Ltd.,EQ,Financial Services,nifty100
INE918I01026,BAJAJFINSV,Bajaj Finserv Ltd.,EQ,Financial Services,nifty100
INE118A01012,BAJAJHLDNG,Bajaj Holdings & Investment Ltd.,EQ,Financial Services,nifty100
INE028A01039,BANKBARODA,Bank of Baroda,EQ,Financial Services,nifty100
INE263A01024,BEL,Bharat Electronics Ltd.,EQ,Capital Goods,nifty100
INE029A01011,BPCL,Bharat Petroleum Corporation Ltd.,EQ,Oil Gas & Consumable Fuels,nifty100
INE397D01024,BHARTIARTL,Bharti Airtel Ltd.,EQ,Telecommunication,nifty100
INE323A01026,BOSCHLTD,Bosch Ltd.,EQ,Automobile and Auto Components,nifty100
INE216A01030,BRITANNIA,Britannia Industries Ltd.,EQ,Fast Moving Consumer Goods,nifty100
INE067A01029,CGPOWER,CG Power and Industrial Solutions Ltd.,EQ,Capital Goods,nifty100
INE476A01022,CANBK,Canara Bank,EQ,Financial Services,nifty100
INE121A01024,CHOLAFIN,Cholamandalam Investment and Finance Company Ltd.,EQ,Financial Services,nifty100
INE059A01026,CIPLA,Cipla Ltd.,EQ,Healthcare,nifty100
INE522F01014,COALINDIA,Coal India Ltd.,EQ,Oil Gas & Consumable Fuels,nifty100
INE298A01020,CUMMINSIND,Cummins India Ltd.,EQ,Capital Goods,nifty100
INE271C01023,DLF,DLF Ltd.,EQ,Realty,nifty100
INE361B01024,DIVISLAB,Divi's Laboratories Ltd.,EQ,Healthcare,nifty100
INE089A01031,DRREDDY,Dr. Reddy's Laboratories Ltd.,EQ,Healthcare,nifty100
INE066A01021,EICHERMOT,Eicher Motors Ltd.,EQ,Automobile and Auto Components,nifty100
INE758T01015,ETERNAL,Eternal Ltd.,EQ,Consumer Services,nifty100
INE129A01019,GAIL,GAIL (India) Ltd.,EQ,Oil Gas & Consumable Fuels,nifty100
INE102D01028,GODREJCP,Godrej Consumer Products Ltd.,EQ,Fast Moving Consumer Goods,nifty100
INE047A01021,GRASIM,Grasim Industries Ltd.,EQ,Construction Materials,nifty100
INE860A01027,HCLTECH,HCL Technologies Ltd.,EQ,Information Technology,nifty100
INE127D01025,HDFCAMC,HDFC Asset Management Company Ltd.,EQ,Financial Services,nifty100
INE040A01034,HDFCBANK,HDFC Bank Ltd.,EQ,Financial Services,nifty100
INE795G01014,HDFCLIFE,HDFC Life Insurance Company Ltd.,EQ,Financial Services,nifty100
INE038A01020,HINDALCO,Hindalco Industries Ltd.,EQ,Metals & Mining,nifty100
INE066F01020,HAL,Hindustan Aeronautics Ltd.,EQ,Capital Goods,nifty100
INE030A01027,HINDUNILVR,Hindustan Unilever Ltd.,EQ,Fast Moving Consumer Goods,nifty100
INE267A01025,HINDZINC,Hindustan Zinc Ltd.,EQ,Metals & Mining,nifty100
INE0V6F01027,HYUNDAI,Hyundai Motor India Ltd.,EQ,Automobile and Auto Components,nifty100
INE090A01021,ICICIBANK,ICICI Bank Ltd.,EQ,Financial Services,nifty100
INE154A01025,ITC,ITC Ltd.,EQ,Fast Moving Consumer Goods,nifty100
INE053A01029,INDHOTEL,Indian Hotels Co. Ltd.,EQ,Consumer Services,nifty100
INE242A01010,IOC,Indian Oil Corporation Ltd.,EQ,Oil Gas & Consumable Fuels,nifty100
INE053F01010,IRFC,Indian Railway Finance Corporation Ltd.,EQ,Financial Services,nifty100
INE009A01021,INFY,Infosys Ltd.,EQ,Information Technology,nifty100
INE646L01027,INDIGO,InterGlobe Aviation Ltd.,EQ,Services,nifty100
INE019A01038,JSWSTEEL,JSW Steel Ltd.,EQ,Metals & Mining,nifty100
INE749A01030,JINDALSTEL,Jindal Steel Ltd.,EQ,Metals & Mining,nifty100
INE758E01017,JIOFIN,Jio Financial Services Ltd.,EQ,Financial Services,nifty100
INE237A01036,KOTAKBANK,Kotak Mahindra Bank Ltd.,EQ,Financial Services,nifty100
INE214T01019,LTM,LTM Ltd.,EQ,Information Technology,nifty100
INE018A01030,LT,Larsen & Toubro Ltd.,EQ,Construction,nifty100
INE670K01029,LODHA,Lodha Developers Ltd.,EQ,Realty,nifty100
INE101A01026,M&M,Mahindra & Mahindra Ltd.,EQ,Automobile and Auto Components,nifty100
INE585B01010,MARUTI,Maruti Suzuki India Ltd.,EQ,Automobile and Auto Components,nifty100
INE027H01010,MAXHEALTH,Max Healthcare Institute Ltd.,EQ,Healthcare,nifty100
INE249Z01020,MAZDOCK,Mazagoan Dock Shipbuilders Ltd.,EQ,Capital Goods,nifty100
INE414G01012,MUTHOOTFIN,Muthoot Finance Ltd.,EQ,Financial Services,nifty100
INE733E01010,NTPC,NTPC Ltd.,EQ,Power,nifty100
INE239A01024,NESTLEIND,Nestle India Ltd.,EQ,Fast Moving Consumer Goods,nifty100
INE213A01029,ONGC,Oil & Natural Gas Corporation Ltd.,EQ,Oil Gas & Consumable Fuels,nifty100
INE318A01026,PIDILITIND,Pidilite Industries Ltd.,EQ,Chemicals,nifty100
INE134E01011,PFC,Power Finance Corporation Ltd.,EQ,Financial Services,nifty100
INE752E01010,POWERGRID,Power Grid Corporation of India Ltd.,EQ,Power,nifty100
INE160A01022,PNB,Punjab National Bank,EQ,Financial Services,nifty100
INE020B01018,RECLTD,REC Ltd.,EQ,Financial Services,nifty100
INE002A01018,RELIANCE,Reliance Industries Ltd.,EQ,Oil Gas & Consumable Fuels,nifty100
INE123W01016,SBILIFE,SBI Life Insurance Company Ltd.,EQ,Financial Services,nifty100
INE775A01035,MOTHERSON,Samvardhana Motherson International Ltd.,EQ,Automobile and Auto Components,nifty100
INE070A01015,SHREECEM,Shree Cement Ltd.,EQ,Construction Materials,nifty100
INE721A01047,SHRIRAMFIN,Shriram Finance Ltd.,EQ,Financial Services,nifty100
INE1NPP01017,ENRIN,Siemens Energy India Ltd.,EQ,Capital Goods,nifty100
INE003A01024,SIEMENS,Siemens Ltd.,EQ,Capital Goods,nifty100
INE343H01029,SOLARINDS,Solar Industries India Ltd.,EQ,Chemicals,nifty100
INE062A01020,SBIN,State Bank of India,EQ,Financial Services,nifty100
INE044A01036,SUNPHARMA,Sun Pharmaceutical Industries Ltd.,EQ,Healthcare,nifty100
INE494B01023,TVSMOTOR,TVS Motor Company Ltd.,EQ,Automobile and Auto Components,nifty100
INE976I01016,TATACAP,Tata Capital Ltd.,EQ,Financial Services,nifty100
INE467B01029,TCS,Tata Consultancy Services Ltd.,EQ,Information Technology,nifty100
INE192A01025,TATACONSUM,Tata Consumer Products Ltd.,EQ,Fast Moving Consumer Goods,nifty100
INE1TAE01010,TMCV,Tata Motors Ltd.,EQ,Capital Goods,nifty100
INE155A01022,TMPV,Tata Motors Passenger Vehicles Ltd.,EQ,Automobile and Auto Components,nifty100
INE245A01021,TATAPOWER,Tata Power Co. Ltd.,EQ,Power,nifty100
INE081A01020,TATASTEEL,Tata Steel Ltd.,EQ,Metals & Mining,nifty100
INE669C01036,TECHM,Tech Mahindra Ltd.,EQ,Information Technology,nifty100
INE280A01028,TITAN,Titan Company Ltd.,EQ,Consumer Durables,nifty100
INE685A01028,TORNTPHARM,Torrent Pharmaceuticals Ltd.,EQ,Healthcare,nifty100
INE849A01020,TRENT,Trent Ltd.,EQ,Consumer Services,nifty100
INE481G01011,ULTRACEMCO,UltraTech Cement Ltd.,EQ,Construction Materials,nifty100
INE692A01016,UNIONBANK,Union Bank of India,EQ,Financial Services,nifty100
INE854D01024,UNITDSPR,United Spirits Ltd.,EQ,Fast Moving Consumer Goods,nifty100
INE200M01039,VBL,Varun Beverages Ltd.,EQ,Fast Moving Consumer Goods,nifty100
INE205A01025,VEDL,Vedanta Ltd.,EQ,Metals & Mining,nifty100
INE075A01022,WIPRO,Wipro Ltd.,EQ,Information Technology,nifty100
INE010B01027,ZYDUSLIFE,Zydus Lifesciences Ltd.,EQ,Healthcare,nifty100
INE466L01038,360ONE,360 ONE WAM Ltd.,EQ,Financial Services,nifty200
INE702C01027,APLAPOLLO,APL Apollo Tubes Ltd.,EQ,Capital Goods,nifty200
INE949L01017,AUBANK,AU Small Finance Bank Ltd.,EQ,Financial Services,nifty200
INE399L01023,ATGL,Adani Total Gas Ltd.,EQ,Oil Gas & Consumable Fuels,nifty200
INE674K01013,ABCAPITAL,Aditya Birla Capital Ltd.,EQ,Financial Services,nifty200
INE540L01014,ALKEM,Alkem Laboratories Ltd.,EQ,Healthcare,nifty200
INE208A01029,ASHOKLEY,Ashok Leyland Ltd.,EQ,Capital Goods,nifty200
INE006I01046,ASTRAL,Astral Ltd.,EQ,Capital Goods,nifty200
INE406A01037,AUROPHARMA,Aurobindo Pharma Ltd.,EQ,Healthcare,nifty200
INE118H01025,BSE,BSE Ltd.,EQ,Financial Services,nifty200
INE084A01016,BANKINDIA,Bank of India,EQ,Financial Services,nifty200
INE171Z01026,BDL,Bharat Dynamics Ltd.,EQ,Capital Goods,nifty200
INE465A01025,BHARATFORG,Bharat Forge Ltd.,EQ,Automobile and Auto Components,nifty200
INE257A01026,BHEL,Bharat Heavy Electricals Ltd.,EQ,Capital Goods,nifty200
INE0HOQ01053,GROWW,Billionbrains Garage Ventures Ltd.,EQ,Financial Services,nifty200
INE376G01013,BIOCON,Biocon Ltd.,EQ,Healthcare,nifty200
INE472A01039,BLUESTARCO,Blue Star Ltd.,EQ,Consumer Durables,nifty200
INE704P01025,COCHINSHIP,Cochin Shipyard Ltd.,EQ,Capital Goods,nifty200
INE591G01025,COFORGE,Coforge Ltd.,EQ,Information Technology,nifty200
INE259A01022,COLPAL,Colgate Palmolive (India) Ltd.,EQ,Fast Moving Consumer Goods,nifty200
INE111A01025,CONCOR,Container Corporation of India Ltd.,EQ,Services,nifty200
INE169A01031,COROMANDEL,Coromandel International Ltd.,EQ,Chemicals,nifty200
INE016A01026,DABUR,Dabur India Ltd.,EQ,Fast Moving Consumer Goods,nifty200
INE935N01020,DIXON,Dixon Technologies (India) Ltd.,EQ,Consumer Durables,nifty200
INE302A01020,EXIDEIND,Exide Industries Ltd.,EQ,Automobile and Auto Components,nifty200
INE388Y01029,NYKAA,FSN E-Commerce Ventures Ltd.,EQ,Consumer Services,nifty200
INE171A01029,FEDERALBNK,Federal Bank Ltd.,EQ,Financial Services,nifty200
INE061F01013,FORTIS,Fortis Healthcare Ltd.,EQ,Healthcare,nifty200
INE200A01026,GVT&D,GE Vernova T&D India Ltd.,EQ,Capital Goods,nifty200
INE776C01039,GMRAIRPORT,GMR Airports Ltd.,EQ,Services,nifty200
INE935A01035,GLENMARK,Glenmark Pharmaceuticals Ltd.,EQ,Healthcare,nifty200
INE260B01028,GODFRYPHLP,Godfrey Phillips India Ltd.,EQ,Fast Moving Consumer Goods,nifty200
INE484J01027,GODREJPROP,Godrej Properties Ltd.,EQ,Realty,nifty200
INE176B01034,HAVELLS,Havells India Ltd.,EQ,Consumer Durables,nifty200
INE158A01026,HEROMOTOCO,Hero MotoCorp Ltd.,EQ,Automobile and Auto Components,nifty200
INE094A01015,HINDPETRO,Hindustan Petroleum Corporation Ltd.,EQ,Oil Gas & Consumable Fuels,nifty200
INE07Y701011,POWERINDIA,Hitachi Energy India Ltd.,EQ,Capital Goods,nifty200
INE031A01017,HUDCO,Housing & Urban Development Corporation Ltd.,EQ,Financial Services,nifty200
INE765G01017,ICICIGI,ICICI Lombard General Insurance Company Ltd.,EQ,Financial Services,nifty200
INE346A01027,ICICIAMC,ICICI Prudential Asset Management Company Ltd.,EQ,Financial Services,nifty200
INE092T01019,IDFCFIRSTB,IDFC First Bank Ltd.,EQ,Financial Services,nifty200
INE562A01011,INDIANB,Indian Bank,EQ,Financial Services,nifty200
INE335Y01020,IRCTC,Indian Railway Catering And Tourism Corporation Ltd.,EQ,Consumer Services,nifty200
INE202E01016,IREDA,Indian Renewable Energy Development Agency Ltd.,EQ,Financial Services,nifty200
INE121J01017,INDUSTOWER,Indus Towers Ltd.,EQ,Telecommunication,nifty200
INE095A01012,INDUSINDBK,IndusInd Bank Ltd.,EQ,Financial Services,nifty200
INE663F01032,NAUKRI,Info Edge (India) Ltd.,EQ,Consumer Services,nifty200
INE121E01018,JSWENERGY,JSW Energy Ltd.,EQ,Power,nifty200
INE797F01020,JUBLFOOD,Jubilant Foodworks Ltd.,EQ,Consumer Services,nifty200
INE878B01027,KEI,KEI Industries Ltd.,EQ,Capital Goods,nifty200
INE04I401011,KPITTECH,KPIT Technologies Ltd.,EQ,Information Technology,nifty200
INE303R01014,KALYANKJIL,Kalyan Jewellers India Ltd.,EQ,Consumer Durables,nifty200
INE498L01015,LTF,L&T Finance Ltd.,EQ,Financial Services,nifty200
INE324D01010,LGEINDIA,LG Electronics India Ltd.,EQ,Consumer Durables,nifty200
INE115A01026,LICHSGFIN,LIC Housing Finance Ltd.,EQ,Financial Services,nifty200
INE947Q01028,LAURUSLABS,Laurus Labs Ltd.,EQ,Healthcare,nifty200
INE956O01016,LENSKART,Lenskart Solutions Ltd.,EQ,Consumer Services,nifty200
INE326A01037,LUPIN,Lupin Ltd.,EQ,Healthcare,nifty200
INE883A01011,MRF,MRF Ltd.,EQ,Automobile and Auto Components,nifty200
INE774D01024,M&MFIN,Mahindra & Mahindra Financial Services Ltd.,EQ,Financial Services,nifty200
INE634S01028,MANKIND,Mankind Pharma Ltd.,EQ,Healthcare,nifty200
INE196A01026,MARICO,Marico Ltd.,EQ,Fast Moving Consumer Goods,nifty200
INE180A01020,MFSL,Max Financial Services Ltd.,EQ,Financial Services,nifty200
INE338I01027,MOTILALOFS,Motilal Oswal Financial Services Ltd.,EQ,Financial Services,nifty200
INE356A01018,MPHASIS,MphasiS Ltd.,EQ,Information Technology,nifty200
INE745G01043,MCX,Multi Commodity Exchange of India Ltd.,EQ,Financial Services,nifty200
INE848E01016,NHPC,NHPC Ltd.,EQ,Power,nifty200
INE584A01023,NMDC,NMDC Ltd.,EQ,Metals & Mining,nifty200
INE139A01034,NATIONALUM,National Aluminium Co. Ltd.,EQ,Metals & Mining,nifty200
INE093I01010,OBEROIRLTY,Oberoi Realty Ltd.,EQ,Realty,nifty200
INE274J01014,OIL,Oil India Ltd.,EQ,Oil Gas & Consumable Fuels,nifty200
INE982J01020,PAYTM,One 97 Communications Ltd.,EQ,Financial Services,nifty200
INE881D01027,OFSS,Oracle Financial Services Software Ltd.,EQ,Information Technology,nifty200
INE417T01026,POLICYBZR,PB Fintech Ltd.,EQ,Financial Services,nifty200
INE603J01030,PIIND,PI Industries Ltd.,EQ,Chemicals,nifty200
INE761H01022,PAGEIND,Page Industries Ltd.,EQ,Textiles,nifty200
INE619A01035,PATANJALI,Patanjali Foods Ltd.,EQ,Fast Moving Consumer Goods,nifty200
INE262H01021,PERSISTENT,Persistent Systems Ltd.,EQ,Information Technology,nifty200
INE211B01039,PHOENIXLTD,Phoenix Mills Ltd.,EQ,Realty,nifty200
INE455K01017,POLYCAB,Polycab India Ltd.,EQ,Capital Goods,nifty200
INE0BS701011,PREMIERENE,Premier Energies Ltd.,EQ,Capital Goods,nifty200
INE811K01011,PRESTIGE,Prestige Estates Projects Ltd.,EQ,Realty,nifty200
INE944F01028,RADICO,Radico Khaitan Ltd,EQ,Fast Moving Consumer Goods,nifty200
INE415G01027,RVNL,Rail Vikas Nigam Ltd.,EQ,Construction,nifty200
INE018E01016,SBICARD,SBI Cards and Payment Services Ltd.,EQ,Financial Services,nifty200
INE647A01010,SRF,SRF Ltd.,EQ,Chemicals,nifty200
INE114A01011,SAIL,Steel Authority of India Ltd.,EQ,Metals & Mining,nifty200
INE195A01028,SUPREMEIND,Supreme Industries Ltd.,EQ,Capital Goods,nifty200
INE040H01021,SUZLON,Suzlon Energy Ltd.,EQ,Capital Goods,nifty200
INE00H001014,SWIGGY,Swiggy Ltd.,EQ,Consumer Services,nifty200
INE151A01013,TATACOMM,Tata Communications Ltd.,EQ,Telecommunication,nifty200
INE670A01012,TATAELXSI,Tata Elxsi Ltd.,EQ,Information Technology,nifty200
INE672A01026,TATAINVEST,Tata Investment Corporation Ltd.,EQ,Financial Services,nifty200
INE974X01010,TIINDIA,Tube Investments of India Ltd.,EQ,Automobile and Auto Components,nifty200
INE628A01036,UPL,UPL Ltd.,EQ,Chemicals,nifty200
INE01EA01019,VMM,Vishal Mega Mart Ltd.,EQ,Consumer Services,nifty200
INE669E01016,IDEA,Vodafone Idea Ltd.,EQ,Telecommunication,nifty200
INE226A01021,VOLTAS,Voltas Ltd.,EQ,Consumer Durables,nifty200
INE377N01017,WAAREEENER,Waaree Energies Ltd.,EQ,Capital Goods,nifty200
INE528G01035,YESBANK,Yes Bank Ltd.,EQ,Financial Services,nifty200
INE470A01017,3MINDIA,3M India Ltd.,EQ,Diversified,nifty500
INE012A01025,ACC,ACC Ltd.,EQ,Construction Materials,nifty500
INE622W01025,ACMESOLAR,ACME Solar Holdings Ltd.,EQ,Power,nifty500
INE212H01026,AIAENG,AIA Engineering Ltd.,EQ,Capital Goods,nifty500
INE699H01024,AWL,AWL Agri Business Ltd.,EQ,Fast Moving Consumer Goods,nifty500
INE883F01010,AADHARHFC,Aadhar Housing Finance Ltd.,EQ,Financial Services,nifty500
INE769A01020,AARTIIND,Aarti Industries Ltd.,EQ,Chemicals,nifty500
INE216P01012,AAVAS,Aavas Financiers Ltd.,EQ,Financial Services,nifty500
INE358A01014,ABBOTINDIA,Abbott India Ltd.,EQ,Healthcare,nifty500
INE731H01025,ACE,Action Construction Equipment Ltd.,EQ,Capital Goods,nifty500
INE00FF01025,ACUTAAS,Acutaas Chemicals Ltd.,EQ,Healthcare,nifty500
INE647O01011,ABFRL,Aditya Birla Fashion and Retail Ltd.,EQ,Consumer Services,nifty500
INE14LE01019,ABLBL,Aditya Birla Lifestyle Brands Ltd.,EQ,Consumer Services,nifty500
INE055A01016,ABREL,Aditya Birla Real Estate Ltd.,EQ,Realty,nifty500
INE404A01024,ABSLAMC,Aditya Birla Sun Life AMC Ltd.,EQ,Financial Services,nifty500
INE819V01029,CPPLUS,Aditya Infotech Ltd.,EQ,Capital Goods,nifty500
INE208C01025,AEGISLOG,Aegis Logistics Ltd.,EQ,Oil Gas & Consumable Fuels,nifty500
INE0INX01018,AEGISVOPAK,Aegis Vopak Terminals Ltd.,EQ,Oil Gas & Consumable Fuels,nifty500
INE101I01011,AFCONS,Afcons Infrastructure Ltd.,EQ,Construction,nifty500
INE00WC01027,AFFLE,Affle 3i Ltd.,EQ,Information Technology,nifty500
INE031B01049,AJANTPHARM,Ajanta Pharmaceuticals Ltd.,EQ,Healthcare,nifty500
INE552Z01027,ABDL,Allied Blenders and Distillers Ltd.,EQ,Fast Moving Consumer Goods,nifty500
INE885A01032,ARE&M,Amara Raja Energy & Mobility Ltd.,EQ,Automobile and Auto Components,nifty500
INE371P01015,AMBER,Amber Enterprises India Ltd.,EQ,Consumer Durables,nifty500
INE463V01026,ANANDRATHI,Anand Rathi Wealth Ltd.,EQ,Financial Services,nifty500
INE242C01024,ANANTRAJ,Anant Raj Ltd.,EQ,Realty,nifty500
INE732I01021,ANGELONE,Angel One Ltd.,EQ,Financial Services,nifty500
INE0CZ201020,ANTHEM,Anthem Biosciences Ltd.,EQ,Healthcare,nifty500
INE930P01018,ANURAS,Anupam Rasayan India Ltd.,EQ,Chemicals,nifty500
INE372A01015,APARINDS,Apar Industries Ltd.,EQ,Capital Goods,nifty500
INE438A01022,APOLLOTYRE,Apollo Tyres Ltd.,EQ,Automobile and Auto Components,nifty500
INE852O01025,APTUS,Aptus Value Housing Finance India Ltd.,EQ,Financial Services,nifty500
INE439A01020,ASAHIINDIA,Asahi India Glass Ltd.,EQ,Automobile and Auto Components,nifty500
INE914M01019,ASTERDM,Aster DM Quality Care Ltd.,EQ,Healthcare,nifty500
INE0LEZ01016,ATHERENERG,Ather Energy Ltd.,EQ,Automobile and Auto Components,nifty500
INE100A01010,ATUL,Atul Ltd.,EQ,Chemicals,nifty500
INE206F01022,AIIL,Authum Investment & Infrastructure Ltd.,EQ,Financial Services,nifty500
INE258A01024,BEML,BEML Ltd.,EQ,Capital Goods,nifty500
INE153T01027,BLS,BLS International Services Ltd.,EQ,Consumer Services,nifty500
INE377Y01014,BAJAJHFL,Bajaj Housing Finance Ltd.,EQ,Financial Services,nifty500
INE787D01026,BALKRISIND,Balkrishna Industries Ltd.,EQ,Automobile and Auto Components,nifty500
INE119A01028,BALRAMCHIN,Balrampur Chini Mills Ltd.,EQ,Fast Moving Consumer Goods,nifty500
INE545U01014,BANDHANBNK,Bandhan Bank Ltd.,EQ,Financial Services,nifty500
INE457A01014,MAHABANK,Bank of Maharashtra,EQ,Financial Services,nifty500
INE176A01028,BATAINDIA,Bata India Ltd.,EQ,Consumer Durables,nifty500
INE462A01022,BAYERCROP,Bayer Cropscience Ltd.,EQ,Chemicals,nifty500
INE894V01022,BELRISE,Belrise Industries Ltd.,EQ,Automobile and Auto Components,nifty500
INE463A01038,BERGEPAINT,Berger Paints India Ltd.,EQ,Consumer Durables,nifty500
INE343G01021,BHARTIHEXA,Bharti Hexacom Ltd.,EQ,Telecommunication,nifty500
INE00E101023,BIKAJI,Bikaji Foods International Ltd.,EQ,Fast Moving Consumer Goods,nifty500
INE836A01035,BSOFT,Birlasoft Ltd.,EQ,Information Technology,nifty500
INE233B01017,BLUEDART,Blue Dart Express Ltd.,EQ,Services,nifty500
INE0KBH01020,BLUEJET,Blue Jet Healthcare Ltd.,EQ,Healthcare,nifty500
INE050A01025,BBTC,Bombay Burmah Trading Corporation Ltd.,EQ,Fast Moving Consumer Goods,nifty500
INE02RE01045,FIRSTCRY,Brainbees Solutions Ltd.,EQ,Consumer Services,nifty500
INE791I01019,BRIGADE,Brigade Enterprises Ltd.,EQ,Realty,nifty500
INE0BV301023,MAPMYINDIA,C.E. Info Systems Ltd.,EQ,Information Technology,nifty500
INE421D01022,CCL,CCL Products (I) Ltd.,EQ,Fast Moving Consumer Goods,nifty500
INE486A01021,CESC,CESC Ltd.,EQ,Power,nifty500
INE536H01010,CIEINDIA,CIE Automotive India Ltd.,EQ,Automobile and Auto Components,nifty500
INE007A01025,CRISIL,CRISIL Ltd.,EQ,Financial Services,nifty500
INE477A01020,CANFINHOME,Can Fin Homes Ltd.,EQ,Financial Services,nifty500
INE01TY01017,CANHLIFE,Canara HSBC Life Insurance Company Ltd.,EQ,Financial Services,nifty500
INE475E01026,CAPLIPOINT,Caplin Point Laboratories Ltd.,EQ,Healthcare,nifty500
INE180C01042,CGCL,Capri Global Capital Ltd.,EQ,Financial Services,nifty500
INE120A01034,CARBORUNIV,Carborundum Universal Ltd.,EQ,Capital Goods,nifty500
INE290S01011,CARTRADE,Cartrade Tech Ltd.,EQ,Consumer Services,nifty500
INE172A01027,CASTROLIND,Castrol India Ltd.,EQ,Oil Gas & Consumable Fuels,nifty500
INE482A01020,CEATLTD,Ceat Ltd.,EQ,Automobile and Auto Components,nifty500
INE686A01026,CEMPRO,Cemindia Projects Ltd.,EQ,Construction,nifty500
INE483A01010,CENTRALBK,Central Bank of India,EQ,Financial Services,nifty500
INE736A01011,CDSL,Central Depository Services (India) Ltd.,EQ,Financial Services,nifty500
INE427F01016,CHALET,Chalet Hotels Ltd.,EQ,Consumer Services,nifty500
INE085A01013,CHAMBLFERT,Chambal Fertilizers & Chemicals Ltd.,EQ,Chemicals,nifty500
INE178A01016,CHENNPETRO,Chennai Petroleum Corporation Ltd.,EQ,Oil Gas & Consumable Fuels,nifty500
INE102B01014,CHOICEIN,Choice International Ltd.,EQ,Financial Services,nifty500
INE149A01033,CHOLAHLDNG,Cholamandalam Financial Holdings Ltd.,EQ,Financial Services,nifty500
INE491A01021,CUB,City Union Bank Ltd.,EQ,Financial Services,nifty500
INE227W01023,CLEAN,Clean Science and Technology Ltd.,EQ,Chemicals,nifty500
INE03QK01018,COHANCE,Cohance Lifesciences Ltd.,EQ,Healthcare,nifty500
INE596I01020,CAMS,Computer Age Management Services Ltd.,EQ,Financial Services,nifty500
INE338H01029,CONCORDBIO,Concord Biotech Ltd.,EQ,Healthcare,nifty500
INE00LO01017,CRAFTSMAN,Craftsman Automation Ltd.,EQ,Automobile and Auto Components,nifty500
INE741K01010,CREDITACC,CreditAccess Grameen Ltd.,EQ,Financial Services,nifty500
INE299U01018,CROMPTON,Crompton Greaves Consumer Electricals Ltd.,EQ,Consumer Durables,nifty500
INE136B01020,CYIENT,Cyient Ltd.,EQ,Information Technology,nifty500
INE499A01024,DCMSHRIRAM,DCM Shriram Ltd.,EQ,Diversified,nifty500
INE321T01012,DOMS,DOMS Industries Ltd.,EQ,Fast Moving Consumer Goods,nifty500
INE00R701025,DALBHARAT,Dalmia Bharat Ltd.,EQ,Construction Materials,nifty500
INE0IX101010,DATAPATTNS,Data Patterns (India) Ltd.,EQ,Capital Goods,nifty500
INE501A01019,DEEPAKFERT,Deepak Fertilisers & Petrochemicals Corp. Ltd.,EQ,Chemicals,nifty500
INE288B01029,DEEPAKNTR,Deepak Nitrite Ltd.,EQ,Chemicals,nifty500
INE148O01028,DELHIVERY,Delhivery Ltd.,EQ,Services,nifty500
INE872J01023,DEVYANI,Devyani International Ltd.,EQ,Consumer Services,nifty500
INE600L01024,LALPATHLAB,Dr. Lal Path Labs Ltd.,EQ,Healthcare,nifty500
INE126A01031,EIDPARRY,E.I.D. Parry (India) Ltd.,EQ,Fast Moving Consumer Goods,nifty500
INE230A01023,EIHOTEL,EIH Ltd.,EQ,Consumer Services,nifty500
INE205B01031,ELECON,Elecon Engineering Co. Ltd.,EQ,Capital Goods,nifty500
INE285A01027,ELGIEQUIP,Elgi Equipments Ltd.,EQ,Capital Goods,nifty500
INE548C01032,EMAMILTD,Emami Ltd.,EQ,Fast Moving Consumer Goods,nifty500
INE168P01015,EMCURE,Emcure Pharmaceuticals Ltd.,EQ,Healthcare,nifty500
INE1C6T01020,EMMVEE,Emmvee Photovoltaic Power Ltd.,EQ,Capital Goods,nifty500
INE913H01037,ENDURANCE,Endurance Technologies Ltd.,EQ,Automobile and Auto Components,nifty500
INE510A01028,ENGINERSIN,Engineers India Ltd.,EQ,Construction,nifty500
INE406M01024,ERIS,Eris Lifesciences Ltd.,EQ,Healthcare,nifty500
INE042A01014,ESCORTS,Escorts Kubota Ltd.,EQ,Capital Goods,nifty500
INE188A01015,FACT,Fertilisers and Chemicals Travancore Ltd.,EQ,Chemicals,nifty500
INE235A01022,FINCABLES,Finolex Cables Ltd.,EQ,Capital Goods,nifty500
INE684F01012,FSL,Firstsource Solutions Ltd.,EQ,Services,nifty500
INE128S01021,FIVESTAR,Five-Star Business Finance Ltd.,EQ,Financial Services,nifty500
INE451A01017,FORCEMOT,Force Motors Ltd.,EQ,Automobile and Auto Components,nifty500
INE524A01029,GABRIEL,Gabriel India Ltd.,EQ,Automobile and Auto Components,nifty500
INE297H01019,GALLANTT,Gallantt Ispat Ltd.,EQ,Capital Goods,nifty500
INE382Z01011,GRSE,Garden Reach Shipbuilders & Engineers Ltd.,EQ,Capital Goods,nifty500
INE481Y01014,GICRE,General Insurance Corporation of India,EQ,Financial Services,nifty500
INE322A01010,GILLETTE,Gillette India Ltd.,EQ,Fast Moving Consumer Goods,nifty500
INE068V01023,GLAND,Gland Pharma Ltd.,EQ,Healthcare,nifty500
INE159A01016,GLAXO,Glaxosmithkline Pharmaceuticals Ltd.,EQ,Healthcare,nifty500
INE474Q01031,MEDANTA,Global Health Ltd.,EQ,Healthcare,nifty500
INE03JT01014,GODIGIT,Go Digit General Insurance Ltd.,EQ,Financial Services,nifty500
INE177H01039,GPIL,Godawari Power & Ispat Ltd.,EQ,Capital Goods,nifty500
INE233A01035,GODREJIND,Godrej Industries Ltd.,EQ,Diversified,nifty500
INE101D01020,GRANULES,Granules India Ltd.,EQ,Healthcare,nifty500
INE371A01025,GRAPHITE,Graphite India Ltd.,EQ,Capital Goods,nifty500
INE024L01027,GRAVITA,Gravita India Ltd.,EQ,Metals & Mining,nifty500
INE017A01032,GESHIP,Great Eastern Shipping Co. Ltd.,EQ,Services,nifty500
INE09N301011,FLUOROCHEM,Gujarat Fluorochemicals Ltd.,EQ,Chemicals,nifty500
INE131A01031,GMDCLTD,Gujarat Mineral Development Corporation Ltd.,EQ,Metals & Mining,nifty500
INE292B01021,HBLENGINE,HBL Engineering Ltd.,EQ,Capital Goods,nifty500
INE756I01012,HDBFS,HDB Financial Services Ltd.,EQ,Financial Services,nifty500
INE545A01024,HEG,HEG Ltd.,BE,Capital Goods,nifty500
INE548A01028,HFCL,HFCL Ltd.,BE,Telecommunication,nifty500
INE093A01041,HEXT,Hexaware Technologies Ltd.,EQ,Information Technology,nifty500
INE019C01026,HSCL,Himadri Speciality Chemical Ltd.,EQ,Chemicals,nifty500
INE531E01026,HINDCOPPER,Hindustan Copper Ltd.,EQ,Metals & Mining,nifty500
INE481N01025,HOMEFIRST,Home First Finance Company India Ltd.,EQ,Financial Services,nifty500
INE0J5401028,HONASA,Honasa Consumer Ltd.,EQ,Fast Moving Consumer Goods,nifty500
INE671A01010,HONAUT,Honeywell Automation India Ltd.,EQ,Capital Goods,nifty500
INE726G01019,ICICIPRULI,ICICI Prudential Life Insurance Company Ltd.,EQ,Financial Services,nifty500
INE008A01015,IDBI,IDBI Bank Ltd.,EQ,Financial Services,nifty500
INE039A01010,IFCI,IFCI Ltd.,EQ,Financial Services,nifty500
INE530B01024,IIFL,IIFL Finance Ltd.,EQ,Financial Services,nifty500
INE821I01022,IRB,IRB Infrastructure Developers Ltd.,EQ,Construction,nifty500
INE962Y01021,IRCON,IRCON International Ltd.,EQ,Construction,nifty500
INE379A01028,ITCHOTELS,ITC Hotels Ltd.,EQ,Consumer Services,nifty500
INE248A01017,ITI,ITI Ltd.,EQ,Telecommunication,nifty500
INE065X01017,INDGN,Indegene Ltd.,EQ,Healthcare,nifty500
INE383A01012,INDIACEM,India Cements Ltd.,EQ,Construction Materials,nifty500
INE933S01016,INDIAMART,Indiamart Intermesh Ltd.,EQ,Consumer Services,nifty500
INE022Q01020,IEX,Indian Energy Exchange Ltd.,EQ,Financial Services,nifty500
INE565A01014,IOB,Indian Overseas Bank,EQ,Financial Services,nifty500
INE203G01027,IGL,Indraprastha Gas Ltd.,EQ,Oil Gas & Consumable Fuels,nifty500
INE066P01011,INOXWIND,Inox Wind Ltd.,EQ,Capital Goods,nifty500
INE306R01017,INTELLECT,Intellect Design Arena Ltd.,EQ,Information Technology,nifty500
INE0Q9301021,IGIL,International Gemological Institute Ltd.,EQ,Services,nifty500
INE115Q01022,IKS,Inventurus Knowledge Solutions Ltd.,EQ,Information Technology,nifty500
INE571A01038,IPCALAB,Ipca Laboratories Ltd.,EQ,Healthcare,nifty500
INE823G01014,JKCEMENT,J.K. Cement Ltd.,EQ,Construction Materials,nifty500
INE927D01051,JBMA,JBM Auto Ltd.,EQ,Automobile and Auto Components,nifty500
INE573A01042,JKTYRE,JK Tyre & Industries Ltd.,EQ,Automobile and Auto Components,nifty500
INE780C01023,JMFINANCIL,JM Financial Ltd.,EQ,Financial Services,nifty500
INE718I01012,JSWCEMENT,JSW Cement Ltd.,EQ,Construction Materials,nifty500
INE133A01011,JSWDULUX,JSW Dulux Ltd.,EQ,Consumer Durables,nifty500
INE880J01026,JSWINFRA,JSW Infrastructure Ltd.,EQ,Services,nifty500
INE0YD401026,JAINREC,Jain Resource Recycling Ltd.,EQ,Metals & Mining,nifty500
INE351F01018,JPPOWER,Jaiprakash Power Ventures Ltd.,EQ,Power,nifty500
INE168A01041,J&KBANK,Jammu & Kashmir Bank Ltd.,EQ,Financial Services,nifty500
INE324A01032,JINDALSAW,Jindal Saw Ltd.,EQ,Capital Goods,nifty500
INE220G01021,JSL,Jindal Stainless Ltd.,EQ,Metals & Mining,nifty500
INE0BY001018,JUBLINGREA,Jubilant Ingrevia Ltd.,EQ,Chemicals,nifty500
INE700A01033,JUBLPHARMA,Jubilant Pharmova Ltd.,EQ,Healthcare,nifty500
INE209L01016,JWL,Jupiter Wagons Ltd.,EQ,Capital Goods,nifty500
INE980O01024,JYOTICNC,Jyoti CNC Automation Ltd.,EQ,Capital Goods,nifty500
INE930H01031,KPRMILL,K.P.R. Mill Ltd.,EQ,Textiles,nifty500
INE217B01036,KAJARIACER,Kajaria Ceramics Ltd.,EQ,Consumer Durables,nifty500
INE220B01022,KPIL,Kalpataru Projects International Ltd.,EQ,Construction,nifty500
INE036D01028,KARURVYSYA,Karur Vysya Bank Ltd.,EQ,Financial Services,nifty500
INE918Z01012,KAYNES,Kaynes Technology India Ltd.,EQ,Capital Goods,nifty500
INE389H01022,KEC,Kec International Ltd.,EQ,Construction,nifty500
INE138Y01010,KFINTECH,Kfin Technologies Ltd.,EQ,Financial Services,nifty500
INE146L01010,KIRLOSENG,Kirloskar Oil Eng Ltd.,EQ,Capital Goods,nifty500
INE967H01025,KIMS,Krishna Institute of Medical Sciences Ltd.,EQ,Healthcare,nifty500
INE010V01017,LTTS,L&T Technology Services Ltd.,EQ,Information Technology,nifty500
INE818H01020,LTFOODS,LT Foods Ltd.,EQ,Fast Moving Consumer Goods,nifty500
INE0I7C01011,LATENTVIEW,Latent View Analytics Ltd.,EQ,Information Technology,nifty500
INE0AQ201015,THELEELA,Leela Palaces Hotels & Resorts Ltd.,EQ,Consumer Services,nifty500
INE970X01018,LEMONTREE,Lemon Tree Hotels Ltd.,EQ,Consumer Services,nifty500
INE0J1Y01017,LICI,Life Insurance Corporation of India,EQ,Financial Services,nifty500
INE473A01011,LINDEINDIA,Linde India Ltd.,EQ,Chemicals,nifty500
INE281B01032,LLOYDSME,Lloyds Metals And Energy Ltd.,EQ,Metals & Mining,nifty500
INE123F01029,MMTC,MMTC Ltd.,EQ,Services,nifty500
INE002S01010,MGL,Mahanagar Gas Ltd.,EQ,Oil Gas & Consumable Fuels,nifty500
INE522D01027,MANAPPURAM,Manappuram Finance Ltd.,EQ,Financial Services,nifty500
INE103A01014,MRPL,Mangalore Refinery & Petrochemicals Ltd.,EQ,Oil Gas & Consumable Fuels,nifty500
INE0VDM01015,MEESHO,Meesho Ltd.,EQ,Consumer Services,nifty500
INE842C01021,MINDACORP,Minda Corporation Ltd.,EQ,Automobile and Auto Components,nifty500
INE0FS801015,MSUMI,Motherson Sumi Wiring India Ltd.,EQ,Automobile and Auto Components,nifty500
INE987B01026,NATCOPHARM,NATCO Pharma Ltd.,EQ,Healthcare,nifty500
INE095N01031,NBCC,NBCC (India) Ltd.,EQ,Construction,nifty500
INE868B01028,NCC,NCC Ltd.,EQ,Construction,nifty500
INE589A01014,NLCINDIA,NLC India Ltd.,EQ,Power,nifty500
INE0NNS01018,NSLNISP,NMDC Steel Ltd.,EQ,Metals & Mining,nifty500
INE0ONG01011,NTPCGREEN,NTPC Green Energy Ltd.,EQ,Power,nifty500
INE410P01011,NH,Narayana Hrudayalaya Ltd.,EQ,Healthcare,nifty500
INE725A01030,NAVA,Nava Ltd.,EQ,Power,nifty500
INE048G01026,NAVINFLUOR,Navin Fluorine International Ltd.,EQ,Chemicals,nifty500
INE0NT901020,NETWEB,Netweb Technologies India Ltd.,EQ,Information Technology,nifty500
INE794A01010,NEULANDLAB,Neuland Laboratories Ltd.,EQ,Healthcare,nifty500
INE619B01017,NEWGEN,Newgen Software Technologies Ltd.,EQ,Information Technology,nifty500
INE298J01013,NAM-INDIA,Nippon Life India Asset Management Ltd.,EQ,Financial Services,nifty500
INE995S01015,NIVABUPA,Niva Bupa Health Insurance Company Ltd.,EQ,Financial Services,nifty500
INE531F01023,NUVAMA,Nuvama Wealth Management Ltd.,EQ,Financial Services,nifty500
INE118D01016,NUVOCO,Nuvoco Vistas Corporation Ltd.,EQ,Construction Materials,nifty500
INE0LXG01040,OLAELEC,Ola Electric Mobility Ltd.,EQ,Automobile and Auto Components,nifty500
INE260D01016,OLECTRA,Olectra Greentech Ltd.,EQ,Automobile and Auto Components,nifty500
INE013P01021,ONESOURCE,Onesource Specialty Pharma Ltd.,EQ,Healthcare,nifty500
INE602A01031,PCBL,PCBL Chemical Ltd.,EQ,Chemicals,nifty500
INE457L01029,PGEL,PG Electroplast Ltd.,EQ,Consumer Durables,nifty500
INE572E01012,PNBHOUSING,PNB Housing Finance Ltd.,EQ,Financial Services,nifty500
INE596F01018,PTCIL,PTC Industries Ltd.,EQ,Capital Goods,nifty500
INE191H01014,PVRINOX,PVR INOX Ltd.,EQ,Media Entertainment & Publication,nifty500
INE088F01024,PARADEEP,Paradeep Phosphates Ltd.,EQ,Chemicals,nifty500
INE347G01014,PETRONET,Petronet LNG Ltd.,EQ,Oil Gas & Consumable Fuels,nifty500
INE182A01018,PFIZER,Pfizer Ltd.,EQ,Healthcare,nifty500
INE0LP301011,PWL,Physicswallah Ltd.,EQ,Consumer Services,nifty500
INE15B701018,PINELABS,Pine Labs Ltd.,EQ,Financial Services,nifty500
INE202B01038,PIRAMALFIN,Piramal Finance Ltd.,EQ,Financial Services,nifty500
INE0DK501011,PPLPHARMA,Piramal Pharma Ltd.,EQ,Healthcare,nifty500
INE205C01021,POLYMED,Poly Medicure Ltd.,EQ,Healthcare,nifty500
INE511C01022,POONAWALLA,Poonawalla Fincorp Ltd.,EQ,Financial Services,nifty500
INE367G01038,PFOCUS,Prime Focus Ltd.,EQ,Media Entertainment & Publication,nifty500
INE777K01022,RRKABEL,R R Kabel Ltd.,EQ,Capital Goods,nifty500
INE976G01028,RBLBANK,RBL Bank Ltd.,EQ,Financial Services,nifty500
INE743M01012,RHIM,RHI MAGNESITA INDIA LTD.,EQ,Capital Goods,nifty500
INE320J01015,RITES,RITES Ltd.,EQ,Construction,nifty500
INE0DD101019,RAILTEL,Railtel Corporation Of India Ltd.,EQ,Telecommunication,nifty500
INE961O01016,RAINBOW,Rainbow Childrens Medicare Ltd.,EQ,Healthcare,nifty500
INE399G01023,RKFORGE,Ramkrishna Forgings Ltd.,EQ,Automobile and Auto Components,nifty500
INE891D01026,REDINGTON,Redington Ltd.,EQ,Services,nifty500
INE614G01033,RPOWER,Reliance Power Ltd.,EQ,Power,nifty500
INE423Y01016,SBFC,SBFC Finance Ltd.,EQ,Financial Services,nifty500
INE002L01015,SJVN,SJVN Ltd.,EQ,Power,nifty500
INE0W2G01015,SAGILITY,Sagility Ltd.,EQ,Information Technology,nifty500
INE570L01029,SAILIFE,Sai Life Sciences Ltd.,EQ,Healthcare,nifty500
INE148I01020,SAMMAANCAP,Sammaan Capital Ltd.,EQ,Financial Services,nifty500
INE806T01020,SAPPHIRE,Sapphire Foods India Ltd.,EQ,Consumer Services,nifty500
INE385C01021,SARDAEN,Sarda Energy and Minerals Ltd.,EQ,Metals & Mining,nifty500
INE979A01025,SAREGAMA,Saregama India Ltd,EQ,Media Entertainment & Publication,nifty500
INE513A01022,SCHAEFFLER,Schaeffler India Ltd.,EQ,Automobile and Auto Components,nifty500
INE839M01018,SCHNEIDER,Schneider Electric Infrastructure Ltd.,EQ,Capital Goods,nifty500
INE109A01011,SCI,Shipping Corporation of India Ltd.,EQ,Services,nifty500
INE810G01011,SHYAMMETL,Shyam Metalics and Energy Ltd.,EQ,Capital Goods,nifty500
INE903U01023,SIGNATURE,Signatureglobal (India) Ltd.,EQ,Realty,nifty500
INE671H01015,SOBHA,Sobha Ltd.,EQ,Realty,nifty500
INE073K01018,SONACOMS,Sona BLW Precision Forgings Ltd.,EQ,Automobile and Auto Components,nifty500
INE269A01021,SONATSOFTW,Sonata Software Ltd.,EQ,Information Technology,nifty500
INE575P01011,STARHEALTH,Star Health and Allied Insurance Company Ltd.,EQ,Financial Services,nifty500
INE258G01013,SUMICHEM,Sumitomo Chemical India Ltd.,EQ,Chemicals,nifty500
INE424H01027,SUNTV,Sun TV Network Ltd.,EQ,Media Entertainment & Publication,nifty500
INE660A01013,SUNDARMFIN,Sundaram Finance Ltd.,EQ,Financial Services,nifty500
INE663A01033,SPLPETRO,Supreme Petrochem Ltd.,EQ,Chemicals,nifty500
INE665A01038,SWANCORP,Swan Corp Ltd.,EQ,Chemicals,nifty500
INE398R01022,SYNGENE,Syngene International Ltd.,EQ,Healthcare,nifty500
INE0DYJ01015,SYRMA,Syrma SGS Technology Ltd.,EQ,Capital Goods,nifty500
INE673O01025,TBOTEK,TBO Tek Ltd.,EQ,Consumer Services,nifty500
INE092A01019,TATACHEM,Tata Chemicals Ltd.,EQ,Chemicals,nifty500
INE142M01025,TATATECH,Tata Technologies Ltd.,EQ,Information Technology,nifty500
INE517B01013,TTML,Tata Teleservices (Maharashtra) Ltd.,EQ,Telecommunication,nifty500
INE285K01026,TECHNOE,Techno Electric & Engineering Company Ltd.,EQ,Construction,nifty500
INE011K01018,TEGA,Tega Industries Ltd.,EQ,Capital Goods,nifty500
INE010J01012,TEJASNET,Tejas Networks Ltd.,EQ,Telecommunication,nifty500
INE19RI01016,TENNIND,Tenneco Clean Air India Ltd.,EQ,Automobile and Auto Components,nifty500
INE470Y01017,NIACL,The New India Assurance Company Ltd.,EQ,Financial Services,nifty500
INE331A01037,RAMCOCEM,The Ramco Cements Ltd.,EQ,Construction Materials,nifty500
INE152A01029,THERMAX,Thermax Ltd.,EQ,Capital Goods,nifty500
INE325A01013,TIMKEN,Timken India Ltd.,EQ,Capital Goods,nifty500
INE615H01020,TITAGARH,Titagarh Rail Systems Ltd.,EQ,Capital Goods,nifty500
INE813H01021,TORNTPOWER,Torrent Power Ltd.,EQ,Power,nifty500
INE763I01026,TARIL,Transformers And Rectifiers (India) Ltd.,EQ,Capital Goods,nifty500
INE103V01028,TRAVELFOOD,Travel Food Services Ltd.,EQ,Consumer Services,nifty500
INE064C01022,TRIDENT,Trident Ltd.,EQ,Textiles,nifty500
INE152M01016,TRITURBINE,Triveni Turbine Ltd.,EQ,Capital Goods,nifty500
INE691A01018,UCOBANK,UCO Bank,EQ,Financial Services,nifty500
INE405E01023,UNOMINDA,UNO Minda Ltd.,EQ,Automobile and Auto Components,nifty500
INE094J01016,UTIAMC,UTI Asset Management Company Ltd.,EQ,Financial Services,nifty500
INE686F01025,UBL,United Breweries Ltd.,EQ,Fast Moving Consumer Goods,nifty500
INE0CAZ01013,URBANCO,Urban Company Ltd.,EQ,Consumer Services,nifty500
INE228A01035,USHAMART,Usha Martin Ltd.,EQ,Capital Goods,nifty500
INE825A01020,VTL,Vardhman Textiles Ltd.,EQ,Textiles,nifty500
INE043W01024,VIJAYA,Vijaya Diagnostic Centre Ltd.,EQ,Healthcare,nifty500
INE191B01025,WELCORP,Welspun Corp Ltd.,EQ,Capital Goods,nifty500
INE192B01031,WELSPUNLIV,Welspun Living Ltd.,EQ,Textiles,nifty500
INE716A01013,WHIRLPOOL,Whirlpool of India Ltd.,EQ,Consumer Durables,nifty500
INE049B01025,WOCKPHARMA,Wockhardt Ltd.,EQ,Healthcare,nifty500
INE342J01019,ZFCVINDIA,ZF Commercial Vehicle Control Systems India Ltd.,EQ,Automobile and Auto Components,nifty500
INE256A01028,ZEEL,Zee Entertainment Enterprises Ltd.,EQ,Media Entertainment & Publication,nifty500
INE251B01027,ZENTEC,Zen Technologies Ltd.,EQ,Capital Goods,nifty500
INE520A01027,ZENSARTECH,Zensar Technolgies Ltd.,EQ,Information Technology,nifty500
INE768C01028,ZYDUSWELL,Zydus Wellness Ltd.,EQ,Fast Moving Consumer Goods,nifty500
INE738I01010,ECLERX,eClerx Services Ltd.,EQ,Services,nifty500
INE950I01011,DBCORP,D.B.Corp Ltd.,EQ,Media Entertainment & Publication,niftymedia
INE982F01036,HATHWAY,Hathway Cable & Datacom Ltd.,EQ,Media Entertainment & Publication,niftymedia
INE418L01047,NAZARA,Nazara Technologies Ltd.,EQ,Media Entertainment & Publication,niftymedia
INE870H01013,NETWORK18,Network18 Media & Investments Ltd.,EQ,Media Entertainment & Publication,niftymedia
INE716B01029,TIPSMUSIC,Tips Music Ltd.,EQ,Media Entertainment & Publication,niftymedia
INE491J01022,ASKAUTOLTD,ASK Automotive Ltd.,EQ,Automobile and Auto Components,niftymicrocap250
INE555B01013,AXISCADES,AXISCADES Technologies Ltd.,EQ,Capital Goods,niftymicrocap250
INE767A01016,AARTIDRUGS,Aarti Drugs Ltd.,EQ,Healthcare,niftymicrocap250
INE0LRU01027,AARTIPHARM,Aarti Pharmalabs Ltd.,EQ,Healthcare,niftymicrocap250
INE679V01027,AVL,Aditya Vision Ltd.,EQ,Consumer Services,niftymicrocap250
INE837H01020,ADVENZYMES,Advanced Enzyme Tech Ltd.,EQ,Healthcare,niftymicrocap250
INE947N01017,AEQUS,Aequs Ltd.,EQ,Capital Goods,niftymicrocap250
INE0BWX01014,AETHER,Aether Industries Ltd.,EQ,Chemicals,niftymicrocap250
INE758C01029,AHLUCONT,Ahluwalia Contracts (India) Ltd.,EQ,Construction,niftymicrocap250
INE09XN01023,AKUMS,Akums Drugs and Pharmaceuticals Ltd.,EQ,Healthcare,niftymicrocap250
INE901L01018,APLLTD,Alembic Pharmaceuticals Ltd.,EQ,Healthcare,niftymicrocap250
INE03Q201024,ALIVUS,Alivus Life Sciences Ltd.,EQ,Healthcare,niftymicrocap250
INE150B01039,ALKYLAMINE,Alkyl Amines Chemicals Ltd.,EQ,Chemicals,niftymicrocap250
INE270A01029,ALOKINDS,Alok Industries Ltd.,EQ,Textiles,niftymicrocap250
INE713T01028,APOLLO,Apollo Micro Systems Ltd.,EQ,Capital Goods,niftymicrocap250
INE128X01021,ACI,Archean Chemical Industries Ltd.,EQ,Chemicals,niftymicrocap250
INE955V01021,ARVINDFASN,Arvind Fashions Ltd.,EQ,Consumer Services,niftymicrocap250
INE034A01011,ARVIND,Arvind Ltd.,EQ,Textiles,niftymicrocap250
INE348A01023,ASHAPURMIN,Ashapura Minechem Ltd.,EQ,Metals & Mining,niftymicrocap250
INE442H01029,ASHOKA,Ashoka Buildcon Ltd.,EQ,Construction,niftymicrocap250
INE386C01029,ASTRAMICRO,Astra Microwave Products Ltd.,EQ,Capital Goods,niftymicrocap250
INE0Z4F01028,ATLANTAELE,Atlanta Electricals Ltd.,EQ,Capital Goods,niftymicrocap250
INE132H01018,AURIONPRO,Aurionpro Solution Ltd.,EQ,Information Technology,niftymicrocap250
INE0LCL01028,AVALON,Avalon Technologies Ltd.,EQ,Capital Goods,niftymicrocap250
INE871C01038,AVANTIFEED,Avanti Feeds Ltd.,EQ,Fast Moving Consumer Goods,niftymicrocap250
INE483S01020,CCAVENUE,AvenuesAI Ltd.,EQ,Financial Services,niftymicrocap250
INE108V01019,AWFIS,Awfis Space Solutions Ltd.,EQ,Services,niftymicrocap250
INE02IJ01035,AZAD,Azad Engineering Ltd.,EQ,Capital Goods,niftymicrocap250
INE193E01025,BAJAJELEC,Bajaj Electricals Ltd,EQ,Consumer Durables,niftymicrocap250
INE050E01027,BALAMINES,Balaji Amines Ltd.,EQ,Chemicals,niftymicrocap250
INE011E01029,BALUFORGE,Balu Forge Industries Ltd.,EQ,Capital Goods,niftymicrocap250
INE213C01025,BANCOINDIA,Banco Products (India) Ltd.,EQ,Automobile and Auto Components,niftymicrocap250
INE340A01012,BIRLACORPN,Birla Corporation Ltd.,EQ,Construction Materials,niftymicrocap250
INE676A01027,BBOX,Black Box Ltd.,EQ,Information Technology,niftymicrocap250
INE0UIZ01018,BLACKBUCK,Blackbuck Ltd.,EQ,Services,niftymicrocap250
INE304W01038,BLUESTONE,BlueStone Jewellery and Lifestyle Ltd.,EQ,Consumer Durables,niftymicrocap250
INE666D01022,BORORENEW,Borosil Renewables Ltd.,EQ,Capital Goods,niftymicrocap250
INE925R01014,CMSINFO,CMS Info Systems Ltd.,EQ,Services,niftymicrocap250
INE02ZQ01018,CORONA,CORONA Remedies Ltd.,EQ,Healthcare,niftymicrocap250
INE679A01013,CSBBANK,CSB Bank Ltd.,EQ,Financial Services,niftymicrocap250
INE278Y01022,CAMPUS,Campus Activewear Ltd.,EQ,Consumer Durables,niftymicrocap250
INE218I01013,CRAMC,Canara Robeco Asset Management Company Ltd.,EQ,Financial Services,niftymicrocap250
INE0ILV01024,CAPILLARY,Capillary Technologies India Ltd.,EQ,Information Technology,niftymicrocap250
INE0LMW01024,CELLO,Cello World Ltd.,EQ,Consumer Durables,niftymicrocap250
INE348B01021,CENTURYPLY,Century Plyboards (India) Ltd.,EQ,Consumer Durables,niftymicrocap250
INE739E01017,CERA,Cera Sanitaryware Ltd,EQ,Consumer Durables,niftymicrocap250
INE0S4R01014,CRIZAC,Crizac Ltd.,EQ,Consumer Services,niftymicrocap250
INE509F01029,CUPID,Cupid Ltd.,EQ,Fast Moving Consumer Goods,niftymicrocap250
INE503A01015,DCBBANK,DCB Bank Ltd.,EQ,Financial Services,niftymicrocap250
INE365B01017,DATAMATICS,Datamatics Global Services Ltd.,EQ,Information Technology,niftymicrocap250
INE989C01038,DIACABS,Diamond Power Infrastructure Ltd.,BE,Capital Goods,niftymicrocap250
INE917M01012,DBL,Dilip Buildcon Ltd.,EQ,Construction,niftymicrocap250
INE943P01029,AGARWALEYE,Dr. Agarwal's Health Care Ltd.,EQ,Healthcare,niftymicrocap250
INE221B01012,DYNAMATECH,Dynamatic Technologies Ltd.,EQ,Capital Goods,niftymicrocap250
INE255A01020,EPL,EPL Ltd.,EQ,Capital Goods,niftymicrocap250
INE532F01054,EDELWEISS,Edelweiss Financial Services Ltd.,EQ,Financial Services,niftymicrocap250
INE02YR01019,EMIL,Electronics Mart India Ltd.,EQ,Consumer Services,niftymicrocap250
INE086A01029,ELECTCAST,Electrosteel Castings Ltd.,EQ,Capital Goods,niftymicrocap250
INE236E01022,ELLEN,Ellenbarrie Industrial Gases Ltd.,EQ,Chemicals,niftymicrocap250
INE069I01010,EMBDL,Embassy Developments Ltd.,EQ,Realty,niftymicrocap250
INE010601016,ENTERO,Entero Healthcare Solutions Ltd.,EQ,Consumer Services,niftymicrocap250
INE0LLY01014,EIEL,Enviro Infra Engineers Ltd.,EQ,Utilities,niftymicrocap250
INE063P01018,EQUITASBNK,Equitas Small Finance Bank Ltd.,EQ,Financial Services,niftymicrocap250
INE04TZ01018,ETHOSLTD,Ethos Ltd.,EQ,Consumer Durables,niftymicrocap250
INE0KCE01017,EUREKAFORB,Eureka Forbes Ltd.,EQ,Consumer Durables,niftymicrocap250
INE007N01010,FEDFINA,Fedbank Financial Services Ltd.,EQ,Financial Services,niftymicrocap250
INE737H01014,FIEMIND,Fiem Industries Ltd,EQ,Automobile and Auto Components,niftymicrocap250
INE183A01024,FINPIPE,Finolex Industries Ltd.,EQ,Capital Goods,niftymicrocap250
INE12UR01024,UTLSOLAR,Fujiyama Power Systems Ltd.,EQ,Capital Goods,niftymicrocap250
INE539A01019,GHCL,GHCL Ltd.,EQ,Chemicals,niftymicrocap250
INE541A01023,GMMPFAUDLR,GMM Pfaudler Ltd.,EQ,Capital Goods,niftymicrocap250
INE0CU601026,GMRP&UI,GMR Power and Urban Infra Ltd.,EQ,Power,niftymicrocap250
INE291A01017,GRWRHITECH,Garware Hi-Tech Films Ltd.,EQ,Capital Goods,niftymicrocap250
INE850D01014,GODREJAGRO,Godrej Agrovet Ltd.,EQ,Fast Moving Consumer Goods,niftymicrocap250
INE887G01027,GOKEX,Gokaldas Exports Ltd.,EQ,Textiles,niftymicrocap250
INE314T01033,GOKULAGRO,Gokul Agro Resources Ltd.,EQ,Fast Moving Consumer Goods,niftymicrocap250
INE224A01026,GREAVESCOT,Greaves Cotton Ltd.,EQ,Capital Goods,niftymicrocap250
INE536A01023,GRINDWELL,Grindwell Norton Ltd.,EQ,Capital Goods,niftymicrocap250
INE036B01030,GAEL,Gujarat Ambuja Exports Ltd.,EQ,Fast Moving Consumer Goods,niftymicrocap250
INE113A01013,GNFC,Gujarat Narmada Valley Fertilizers and Chemicals Ltd.,EQ,Chemicals,niftymicrocap250
INE517F01014,GPPL,Gujarat Pipavav Port Ltd.,EQ,Services,niftymicrocap250
INE026A01025,GSFC,Gujarat State Fertilizers & Chemicals Ltd.,EQ,Chemicals,niftymicrocap250
INE926X01010,HGINFRA,H.G. Infra Engineering Ltd.,EQ,Construction,niftymicrocap250
INE419U01012,HAPPSTMNDS,Happiest Minds Technologies Ltd.,EQ,Information Technology,niftymicrocap250
INE075I01017,HCG,Healthcare Global Enterprises Ltd.,EQ,Healthcare,niftymicrocap250
INE0AJG01018,HEMIPROP,Hemisphere Properties India Ltd.,EQ,Services,niftymicrocap250
INE978A01027,HERITGFOOD,Heritage Foods Ltd.,EQ,Fast Moving Consumer Goods,niftymicrocap250
INE549A01026,HCC,Hindustan Construction Co. Ltd.,EQ,Construction,niftymicrocap250
INE559A01017,IFBIND,IFB Industries Ltd.,EQ,Consumer Durables,niftymicrocap250
INE489L01022,IIFLCAPS,IIFL Capital Services Ltd.,EQ,Financial Services,niftymicrocap250
INE616N01034,INOXINDIA,INOX India Ltd.,EQ,Capital Goods,niftymicrocap250
INE560A01023,INDIAGLYCO,India Glycols Ltd.,EQ,Fast Moving Consumer Goods,niftymicrocap250
INE922K01024,INDIASHLTR,India Shelter Finance Corporation Ltd.,EQ,Financial Services,niftymicrocap250
INE919H01018,IMFA,Indian Metals & Ferro Alloys Ltd.,EQ,Metals & Mining,niftymicrocap250
INE09VQ01012,INDIGOPNTS,Indigo Paints Ltd.,EQ,Consumer Durables,niftymicrocap250
INE483B01026,ICIL,Indo Count Industries Ltd.,EQ,Textiles,niftymicrocap250
INE510W01014,INOXGREEN,Inox Green Energy Services Ltd.,EQ,Services,niftymicrocap250
INE570A01022,IONEXCHANG,Ion Exchange (India) Ltd.,EQ,Utilities,niftymicrocap250
INE091G01026,JAIBALAJI,JAI BALAJI INDUSTRIES Ltd.,EQ,Metals & Mining,niftymicrocap250
INE786A01032,JKLAKSHMI,JK Lakshmi Cement Ltd.,EQ,Construction Materials,niftymicrocap250
INE789E01012,JKPAPER,JK Paper Ltd.,EQ,Forest Materials,niftymicrocap250
INE039C01032,JAMNAAUTO,Jamna Auto Industries Ltd.,EQ,Automobile and Auto Components,niftymicrocap250
INE953L01027,JSFB,Jana Small Finance Bank Ltd.,EQ,Financial Services,niftymicrocap250
INE854B01010,JAYNECOIND,Jayaswal Neco Industries Ltd.,EQ,Capital Goods,niftymicrocap250
INE0J5801029,JSLL,Jeena Sikho Lifecare Ltd.,EQ,Consumer Services,niftymicrocap250
INE682M01020,JLHL,Jupiter Life Line Hospitals Ltd.,EQ,Healthcare,niftymicrocap250
INE599M01018,JUSTDIAL,Justdial Ltd.,EQ,Consumer Services,niftymicrocap250
INE668F01031,JYOTHYLAB,Jyothy Labs Ltd.,EQ,Fast Moving Consumer Goods,niftymicrocap250
INE634I01029,KNRCON,KNR Constructions Ltd.,EQ,Construction,niftymicrocap250
INE542W01025,KPIGREEN,KPI Green Energy Ltd.,EQ,Power,niftymicrocap250
INE001B01026,KRBL,KRBL Ltd.,EQ,Fast Moving Consumer Goods,niftymicrocap250
INE0Q3J01015,KRN,KRN HEAT EXCHANGER AND REFRIGERATION Ltd.,EQ,Capital Goods,niftymicrocap250
INE999A01023,KSB,KSB Ltd.,EQ,Capital Goods,niftymicrocap250
INE531A01024,KANSAINER,Kansai Nerolac Paints Ltd.,EQ,Consumer Durables,niftymicrocap250
INE614B01018,KTKBANK,Karnataka Bank Ltd.,EQ,Financial Services,niftymicrocap250
INE455I01029,KSCL,Kaveri Seed Company Ltd.,EQ,Fast Moving Consumer Goods,niftymicrocap250
INE732A01036,KIRLOSBROS,Kirloskar Brothers Ltd.,EQ,Capital Goods,niftymicrocap250
INE811A01038,KIRLPNU,Kirloskar Pneumatic Company Ltd.,EQ,Capital Goods,niftymicrocap250
INE602G01020,KITEX,Kitex Garments Ltd.,EQ,Textiles,niftymicrocap250
INE576O01020,LXCHEM,Laxmi Organic Industries Ltd.,EQ,Chemicals,niftymicrocap250
INE0HV901016,IXIGO,Le Travenues Technology Ltd.,EQ,Consumer Services,niftymicrocap250
INE093R01011,LLOYDSENGG,Lloyds Engineering Works Ltd.,EQ,Capital Goods,niftymicrocap250
INE080I01025,LLOYDSENT,Lloyds Enterprises Ltd.,EQ,Metals & Mining,niftymicrocap250
INE872H01027,LUMAXTECH,Lumax Auto Technologies Ltd.,EQ,Automobile and Auto Components,niftymicrocap250
INE490G01020,MOIL,MOIL Ltd.,EQ,Metals & Mining,niftymicrocap250
INE255X01014,MSTCLTD,MSTC Ltd.,EQ,Services,niftymicrocap250
INE864I01014,MTARTECH,MTAR Technologies Ltd.,BE,Capital Goods,niftymicrocap250
INE288A01013,MAHSCOOTER,Maharashtra Scooters Ltd.,EQ,Financial Services,niftymicrocap250
INE271B01025,MAHSEAMLES,Maharashtra Seamless Ltd.,EQ,Capital Goods,niftymicrocap250
INE00VM01036,MANORAMA,Manorama Industries Ltd.,EQ,Fast Moving Consumer Goods,niftymicrocap250
INE750C01026,MARKSANS,Marksans Pharma Ltd.,EQ,Healthcare,niftymicrocap250
INE759A01021,MASTEK,Mastek Ltd.,EQ,Information Technology,niftymicrocap250
INE804L01022,MEDPLUS,Medplus Health Services Ltd.,EQ,Consumer Services,niftymicrocap250
INE112L01020,METROPOLIS,Metropolis Healthcare Ltd.,EQ,Healthcare,niftymicrocap250
INE099Z01011,MIDHANI,Mishra Dhatu Nigam Ltd.,EQ,Capital Goods,niftymicrocap250
INE495P01020,BECTORFOOD,Mrs. Bectors Food Specialities Ltd.,EQ,Fast Moving Consumer Goods,niftymicrocap250
INE136S01016,NEOGEN,NEOGEN CHEMICALS LTD.,EQ,Chemicals,niftymicrocap250
INE317F01035,NESCO,NESCO Ltd.,EQ,Services,niftymicrocap250
INE870D01012,NFL,National Fertilizers Ltd.,EQ,Chemicals,niftymicrocap250
INE350C01017,OPTIEMUS,Optiemus Infracom Ltd.,EQ,Telecommunication,niftymicrocap250
INE876N01018,ORIENTCEM,Orient Cement Ltd.,EQ,Construction Materials,niftymicrocap250
INE16NZ01023,ORKLAINDIA,Orkla India Ltd.,EQ,Fast Moving Consumer Goods,niftymicrocap250
INE0BYP01024,OSWALPUMPS,Oswal Pumps Ltd.,EQ,Capital Goods,niftymicrocap250
INE953R01016,PNGJL,P N Gadgil Jewellers Ltd.,EQ,Consumer Durables,niftymicrocap250
INE785M01021,PCJEWELLER,PC Jeweller Ltd.,EQ,Consumer Durables,niftymicrocap250
INE195J01029,PNCINFRA,PNC Infratech Ltd.,EQ,Construction,niftymicrocap250
INE877F01012,PTC,PTC India Ltd.,EQ,Power,niftymicrocap250
INE045601023,PARAS,Paras Defence and Space Technologies Ltd.,EQ,Capital Goods,niftymicrocap250
INE119201023,PARKHOSPS,Park Medi World Ltd.,EQ,Healthcare,niftymicrocap250
INE940H01022,PGIL,Pearl Global Industries Ltd.,EQ,Textiles,niftymicrocap250
INE546C01010,PICCADIL,Piccadily Agro Industries Ltd.,EQ,Fast Moving Consumer Goods,niftymicrocap250
INE211R01019,POWERMECH,Power Mech Projects Ltd.,EQ,Construction,niftymicrocap250
INE074A01025,PRAJIND,Praj Industries Ltd.,EQ,Capital Goods,niftymicrocap250
INE726V01018,PRICOLLTD,Pricol Ltd.,EQ,Automobile and Auto Components,niftymicrocap250
INE010A01011,PRSMJOHNSN,Prism Johnson Ltd.,EQ,Construction Materials,niftymicrocap250
INE959A01019,PRIVISCL,Privi Speciality Chemicals Ltd.,EQ,Chemicals,niftymicrocap250
INE00F201020,PRUDENT,Prudent Corporate Advisory Services Ltd.,EQ,Financial Services,niftymicrocap250
INE323I01011,PURVA,Puravankara Ltd.,EQ,Realty,niftymicrocap250
INE0SII01026,QPOWER,QUALITY POWER ELECTRICAL EQUIPMENTS Ltd.,EQ,Capital Goods,niftymicrocap250
INE615P01015,QUESS,Quess Corp Ltd.,EQ,Services,niftymicrocap250
INE855B01025,RAIN,Rain Industries Ltd,EQ,Chemicals,niftymicrocap250
INE613A01020,RALLIS,Rallis India Ltd.,EQ,Chemicals,niftymicrocap250
INE027A01015,RCF,Rashtriya Chemicals & Fertilizers Ltd.,EQ,Chemicals,niftymicrocap250
INE0CLI01024,RATEGAIN,Rategain Travel Technologies Ltd.,EQ,Information Technology,niftymicrocap250
INE703B01027,RATNAMANI,Ratnamani Metals & Tubes Ltd.,EQ,Capital Goods,niftymicrocap250
INE834M01019,RTNINDIA,RattanIndia Enterprises Ltd.,EQ,Consumer Services,niftymicrocap250
INE399K01017,RTNPOWER,RattanIndia Power Ltd.,EQ,Power,niftymicrocap250
INE02ID01020,RAYMONDLSL,Raymond Lifestyle Ltd.,EQ,Textiles,niftymicrocap250
INE0LXT01019,REDTAPE,Redtape Ltd.,EQ,Consumer Durables,niftymicrocap250
INE056I01025,REFEX,Refex Industries Ltd.,EQ,Utilities,niftymicrocap250
INE131B01039,RELAXO,Relaxo Footwears Ltd.,EQ,Consumer Durables,niftymicrocap250
INE621H01010,RELIGARE,Religare Enterprises Ltd.,EQ,Financial Services,niftymicrocap250
INE07T201019,RBA,Restaurant Brands Asia Ltd.,EQ,Consumer Services,niftymicrocap250
INE450U01017,ROUTE,Route Mobile Ltd.,EQ,Telecommunication,niftymicrocap250
INE506V01022,RUBICON,Rubicon Research Ltd.,EQ,Healthcare,niftymicrocap250
INE2J8701016,SKFINDUS,SKF India (Industrial) Ltd.,EQ,Capital Goods,niftymicrocap250
INE640A01023,SKFINDIA,SKF India Ltd.,EQ,Automobile and Auto Components,niftymicrocap250
INE01IU01018,SKYGOLD,SKY GOLD AND DIAMONDS Ltd.,EQ,Consumer Durables,niftymicrocap250
INE294B01019,SMLMAH,SML Mahindra Ltd.,EQ,Capital Goods,niftymicrocap250
INE526E01018,SHRIPISTON,SPR Auto Technologies Ltd.,EQ,Automobile and Auto Components,niftymicrocap250
INE0V9Q01010,LOTUSDEV,SRI LOTUS DEVELOPERS AND REALTY Ltd.,BE,Realty,niftymicrocap250
INE13B501022,SAATVIKGL,Saatvik Green Energy Ltd.,EQ,Capital Goods,niftymicrocap250
INE429E01023,SAFARI,Safari Industries (India) Ltd.,EQ,Consumer Durables,niftymicrocap250
INE08U801020,SAMHI,Samhi Hotels Ltd.,EQ,Consumer Services,niftymicrocap250
INE149K01016,SANDUMA,Sandur Manganese & Iron Ores Ltd.,EQ,Metals & Mining,niftymicrocap250
INE0UOS01011,SANOFICONR,Sanofi Consumer Healthcare India Ltd.,EQ,Healthcare,niftymicrocap250
INE953O01021,SANSERA,Sansera Engineering Ltd.,EQ,Automobile and Auto Components,niftymicrocap250
INE602W01027,SENCO,Senco Gold Ltd.,EQ,Consumer Durables,niftymicrocap250
INE04VU01023,STYL,Seshaasai Technologies Ltd.,EQ,Financial Services,niftymicrocap250
INE151G01028,SHAILY,Shaily Engineering Plastics Ltd.,EQ,Consumer Durables,niftymicrocap250
INE908D01010,SHAKTIPUMP,Shakti Pumps (India) Ltd.,EQ,Capital Goods,niftymicrocap250
INE221J01015,SHARDACROP,Sharda Cropchem Ltd.,EQ,Chemicals,niftymicrocap250
INE932X01026,SHAREINDIA,Share India Securities Ltd.,EQ,Financial Services,niftymicrocap250
INE916U01025,SFL,Sheela Foam Ltd.,EQ,Consumer Durables,niftymicrocap250
INE790G01031,SHILPAMED,Shilpa Medicare Ltd.,EQ,Healthcare,niftymicrocap250
INE087H01022,RENUKA,Shree Renuka Sugars Ltd.,EQ,Fast Moving Consumer Goods,niftymicrocap250
INE439E01022,SKIPPER,Skipper Ltd.,EQ,Capital Goods,niftymicrocap250
INE0NAZ01010,SMARTWORKS,Smartworks Coworking Spaces Ltd.,EQ,Services,niftymicrocap250
INE683A01023,SOUTHBANK,South Indian Bank Ltd.,EQ,Financial Services,niftymicrocap250
INE460H01021,STARCEMENT,Star Cement Ltd.,EQ,Construction Materials,niftymicrocap250
INE00M201021,SWSOLAR,Sterling and Wilson Renewable Energy Ltd.,EQ,Construction,niftymicrocap250
INE089C01029,STLTECH,Sterlite Technologies Ltd.,BE,Telecommunication,niftymicrocap250
INE939A01011,STAR,Strides Pharma Science Ltd.,EQ,Healthcare,niftymicrocap250
INE189B01011,STYRENIX,Styrenix Performance Materials Ltd.,EQ,Chemicals,niftymicrocap250
INE287B01021,SUBROS,Subros Ltd.,EQ,Capital Goods,niftymicrocap250
INE659A01023,SUDARSCHEM,Sudarshan Chemical Industries Ltd.,EQ,Chemicals,niftymicrocap250
INE0QPI01025,SUDEEPPHRM,Sudeep Pharma Ltd.,EQ,Chemicals,niftymicrocap250
INE232I01014,SPARC,Sun Pharma Advanced Research Company Ltd.,EQ,Healthcare,niftymicrocap250
INE805D01034,SUNTECK,Sunteck Realty Ltd.,EQ,Realty,niftymicrocap250
INE07RO01027,SUPRIYA,Supriya Lifescience Ltd.,EQ,Healthcare,niftymicrocap250
INE335A01020,SURYAROSNI,Surya Roshni Ltd.,EQ,Capital Goods,niftymicrocap250
INE0EK901012,TARC,TARC Ltd.,EQ,Realty,niftymicrocap250
INE419M01035,TDPOWERSYS,TD Power Systems Ltd.,EQ,Capital Goods,niftymicrocap250
INE202Z01029,TSFINV,TSF Investments Ltd.,EQ,Financial Services,niftymicrocap250
INE395N01027,TVSSCS,TVS Supply Chain Solutions Ltd.,EQ,Services,niftymicrocap250
INE668A01016,TMB,Tamilnad Mercantile Bank Ltd.,EQ,Financial Services,niftymicrocap250
INE483C01032,TANLA,Tanla Platforms Ltd.,EQ,Information Technology,niftymicrocap250
INE621L01012,TEXRAIL,Texmaco Rail & Eng. Ltd.,EQ,Capital Goods,niftymicrocap250
INE085J01014,THANGAMAYL,Thangamayil Jewellery Ltd.,EQ,Consumer Durables,niftymicrocap250
INE294Z01018,ANUP,The Anup Engineering Ltd.,EQ,Capital Goods,niftymicrocap250
INE332A01027,THOMASCOOK,Thomas Cook (India) Ltd.,EQ,Consumer Services,niftymicrocap250
INE594H01019,THYROCARE,Thyrocare Technologies Ltd.,EQ,Healthcare,niftymicrocap250
INE133E01013,TI,Tilaknagar Industries Ltd.,EQ,Fast Moving Consumer Goods,niftymicrocap250
INE508G01029,TIMETECHNO,Time Technoplast Ltd.,EQ,Capital Goods,niftymicrocap250
INE454P01035,TRANSRAILL,Transrail Lighting Ltd.,EQ,Capital Goods,niftymicrocap250
INE256C01024,TRIVENI,Triveni Engineering & Industries Ltd.,EQ,Fast Moving Consumer Goods,niftymicrocap250
INE551W01018,UJJIVANSFB,Ujjivan Small Finance Bank Ltd.,EQ,Financial Services,niftymicrocap250
INE951I01027,VGUARD,V-Guard Industries Ltd.,EQ,Consumer Durables,niftymicrocap250
INE665J01013,VMART,V-Mart Retail Ltd.,EQ,Consumer Services,niftymicrocap250
INE054A01027,VIPIND,V.I.P. Industries Ltd.,EQ,Consumer Durables,niftymicrocap250
INE945H01021,V2RETAIL,V2 Retail Ltd.,EQ,Consumer Services,niftymicrocap250
INE879I01012,DBREALTY,VALOR ESTATE Ltd.,EQ,Realty,niftymicrocap250
INE956G01038,WABAG,Va Tech Wabag Ltd.,EQ,Utilities,niftymicrocap250
INE884A01027,VAIBHAVGBL,Vaibhav Global Ltd.,EQ,Consumer Durables,niftymicrocap250
INE665L01035,VARROC,Varroc Engineering Ltd.,EQ,Automobile and Auto Components,niftymicrocap250
INE825V01034,MANYAVAR,Vedant Fashions Ltd.,EQ,Consumer Services,niftymicrocap250
INE078V01014,VIKRAMSOLR,Vikram Solar Ltd.,EQ,Capital Goods,niftymicrocap250
INE807F01027,VIYASH,Viyash Scientific Ltd.,EQ,Healthcare,niftymicrocap250
INE540H01012,VOLTAMP,Voltamp Transformers Ltd,EQ,Capital Goods,niftymicrocap250
INE299N01021,WAAREERTL,Waaree Renewable Technologies Ltd.,EQ,Capital Goods,niftymicrocap250
INE0E7301029,WAKEFIT,Wakefit Innovations Ltd.,EQ,Consumer Durables,niftymicrocap250
INE085001019,WEWORK,WeWork India Management Ltd.,EQ,Services,niftymicrocap250
INE855C01023,WEBELSOLAR,Websol Energy System Ltd.,EQ,Capital Goods,niftymicrocap250
INE625G01013,WELENT,Welspun Enterprises Ltd.,EQ,Construction,niftymicrocap250
INE274F01020,WESTLIFE,Westlife Foodworld Ltd.,EQ,Consumer Services,niftymicrocap250
INE0JO301016,YATHARTH,Yatharth Hospital & Trauma Care Services Ltd.,EQ,Healthcare,niftymicrocap250
INE07K301024,ZAGGLE,Zaggle Prepaid Ocean Services Ltd.,EQ,Information Technology,niftymicrocap250
INE608A01012,PSB,Punjab & Sind Bank,EQ,Financial Services,niftypsubank
